{"level":"info","message":"Hello, Winston!","timestamp":"2024-12-08T08:25:09.089Z"}
{"level":"warn","message":"This is a warning message.","timestamp":"2024-12-08T08:25:09.091Z"}
{"level":"error","message":"This is an error message.","timestamp":"2024-12-08T08:25:09.091Z"}
{"level":"info","message":"This is an information message.","timestamp":"2024-12-08T08:25:09.092Z"}
{"ip":"192.168.1.1","level":"info","message":"User logged in","timestamp":"2024-12-08T08:25:09.092Z","username":"johndoe"}
{"level":"info","message":"DC Epress is up","timestamp":"2024-12-08T08:25:09.210Z"}
{"level":"info","message":"app is runing: 8888","timestamp":"2024-12-08T08:25:09.211Z"}
{"level":"warn","message":"env: dcommerce_express_dev","timestamp":"2024-12-08T08:25:09.212Z"}
{"level":"info","message":"Hello, Winston!","timestamp":"2024-12-08T08:27:26.308Z"}
{"level":"warn","message":"This is a warning message.","timestamp":"2024-12-08T08:27:26.310Z"}
{"level":"error","message":"This is an error message.","timestamp":"2024-12-08T08:27:26.311Z"}
{"level":"info","message":"This is an information message.","timestamp":"2024-12-08T08:27:26.311Z"}
{"ip":"192.168.1.1","level":"info","message":"User logged in","timestamp":"2024-12-08T08:27:26.311Z","username":"johndoe"}
{"level":"info","message":"DC Epress is up","timestamp":"2024-12-08T08:27:26.438Z"}
{"level":"info","message":"app is runing: 8888","timestamp":"2024-12-08T08:27:26.439Z"}
{"level":"warn","message":"env: dcommerce_express_dev","timestamp":"2024-12-08T08:27:26.440Z"}
{"level":"info","message":"Hello, Winston!","timestamp":"2024-12-08T08:28:35.134Z"}
{"level":"warn","message":"This is a warning message.","timestamp":"2024-12-08T08:28:35.136Z"}
{"level":"error","message":"This is an error message.","timestamp":"2024-12-08T08:28:35.137Z"}
{"level":"info","message":"This is an information message.","timestamp":"2024-12-08T08:28:35.137Z"}
{"ip":"192.168.1.1","level":"info","message":"User logged in","timestamp":"2024-12-08T08:28:35.137Z","username":"johndoe"}
{"level":"info","message":"DC Epress is up","timestamp":"2024-12-08T08:28:35.264Z"}
{"level":"info","message":"app is runing: 8888","timestamp":"2024-12-08T08:28:35.264Z"}
{"level":"warn","message":"env: dcommerce_express_dev","timestamp":"2024-12-08T08:28:35.265Z"}
{"level":"info","message":"Hello, Winston!","timestamp":"2024-12-08T08:29:15.794Z"}
{"level":"warn","message":"This is a warning message.","timestamp":"2024-12-08T08:29:15.796Z"}
{"level":"error","message":"This is an error message.","timestamp":"2024-12-08T08:29:15.797Z"}
{"level":"info","message":"This is an information message.","timestamp":"2024-12-08T08:29:15.797Z"}
{"ip":"192.168.1.1","level":"info","message":"User logged in","timestamp":"2024-12-08T08:29:15.797Z","username":"johndoe"}
{"level":"info","message":"DC Epress is up","timestamp":"2024-12-08T08:29:15.907Z"}
{"level":"info","message":"app is runing: 8888","timestamp":"2024-12-08T08:29:15.908Z"}
{"level":"warn","message":"env: dcommerce_express_dev","timestamp":"2024-12-08T08:29:15.909Z"}
{"level":"info","message":"Hello, Winston!","timestamp":"2024-12-08T08:30:37.066Z"}
{"level":"warn","message":"This is a warning message.","timestamp":"2024-12-08T08:30:37.068Z"}
{"level":"error","message":"This is an error message.","timestamp":"2024-12-08T08:30:37.069Z"}
{"level":"info","message":"This is an information message.","timestamp":"2024-12-08T08:30:37.069Z"}
{"ip":"192.168.1.1","level":"info","message":"User logged in","timestamp":"2024-12-08T08:30:37.070Z","username":"johndoe"}
{"level":"info","message":"DC Epress is up","timestamp":"2024-12-08T08:30:37.189Z"}
{"level":"info","message":"app is runing: 8888","timestamp":"2024-12-08T08:30:37.190Z"}
{"level":"warn","message":"env: dcommerce_express_dev","timestamp":"2024-12-08T08:30:37.191Z"}
{"level":"info","message":"Hello, Winston!","timestamp":"2024-12-08T08:31:12.997Z"}
{"level":"warn","message":"This is a warning message.","timestamp":"2024-12-08T08:31:12.999Z"}
{"level":"error","message":"This is an error message.","timestamp":"2024-12-08T08:31:13.000Z"}
{"level":"info","message":"This is an information message.","timestamp":"2024-12-08T08:31:13.000Z"}
{"ip":"192.168.1.1","level":"info","message":"User logged in","timestamp":"2024-12-08T08:31:13.001Z","username":"johndoe"}
{"level":"info","message":"DC Epress is up","timestamp":"2024-12-08T08:31:13.112Z"}
{"level":"info","message":"app is runing: 8888","timestamp":"2024-12-08T08:31:13.113Z"}
{"level":"warn","message":"env: dcommerce_express_dev","timestamp":"2024-12-08T08:31:13.114Z"}
{"level":"info","message":"Hello, Winston!","timestamp":"2024-12-08T08:31:56.238Z"}
{"level":"warn","message":"This is a warning message.","timestamp":"2024-12-08T08:31:56.241Z"}
{"level":"error","message":"This is an error message.","timestamp":"2024-12-08T08:31:56.241Z"}
{"level":"info","message":"This is an information message.","timestamp":"2024-12-08T08:31:56.242Z"}
{"ip":"192.168.1.1","level":"info","message":"User logged in","timestamp":"2024-12-08T08:31:56.242Z","username":"johndoe"}
{"level":"info","message":"DC Epress is up","timestamp":"2024-12-08T08:31:56.368Z"}
{"level":"info","message":"app is runing: 8888","timestamp":"2024-12-08T08:31:56.368Z"}
{"level":"warn","message":"env: dcommerce_express_dev","timestamp":"2024-12-08T08:31:56.369Z"}
{"level":"info","message":"Hello, Winston!","timestamp":"2024-12-08T08:32:38.951Z"}
{"level":"warn","message":"This is a warning message.","timestamp":"2024-12-08T08:32:38.953Z"}
{"level":"error","message":"This is an error message.","timestamp":"2024-12-08T08:32:38.953Z"}
{"level":"info","message":"This is an information message.","timestamp":"2024-12-08T08:32:38.954Z"}
{"ip":"192.168.1.1","level":"info","message":"User logged in","timestamp":"2024-12-08T08:32:38.954Z","username":"johndoe"}
{"level":"info","message":"DC Epress is up","timestamp":"2024-12-08T08:32:39.074Z"}
{"level":"info","message":"app is runing: 8888","timestamp":"2024-12-08T08:32:39.075Z"}
{"level":"warn","message":"env: dcommerce_express_dev","timestamp":"2024-12-08T08:32:39.076Z"}
{"level":"info","message":"Hello, Winston!","timestamp":"2024-12-08T08:35:53.361Z"}
{"level":"warn","message":"This is a warning message.","timestamp":"2024-12-08T08:35:53.363Z"}
{"level":"error","message":"This is an error message.","timestamp":"2024-12-08T08:35:53.364Z"}
{"level":"info","message":"This is an information message.","timestamp":"2024-12-08T08:35:53.364Z"}
{"ip":"192.168.1.1","level":"info","message":"User logged in","timestamp":"2024-12-08T08:35:53.365Z","username":"johndoe"}
{"level":"info","message":"DC Epress is up","timestamp":"2024-12-08T08:35:53.774Z"}
{"level":"info","message":"app is runing: 8888","timestamp":"2024-12-08T08:35:53.775Z"}
{"level":"warn","message":"env: dcommerce_express_dev","timestamp":"2024-12-08T08:35:53.775Z"}
{"level":"error","message":"client_db Connection error: (conn:1955, no: 1049, SQLState: 42000) Unknown database 'dcommerce_express_dev'","name":"SequelizeConnectionError","original":{"code":"ER_BAD_DB_ERROR","errno":1049,"fatal":true,"name":"SqlError","sql":null,"sqlMessage":"Unknown database 'dcommerce_express_dev'","sqlState":"42000"},"parent":{"code":"ER_BAD_DB_ERROR","errno":1049,"fatal":true,"name":"SqlError","sql":null,"sqlMessage":"Unknown database 'dcommerce_express_dev'","sqlState":"42000"},"stack":"SequelizeConnectionError: (conn:1955, no: 1049, SQLState: 42000) Unknown database 'dcommerce_express_dev'\n    at ConnectionManager.connect (/Users/soubinkittiphanh/Desktop/Pro/dc_express_api/node_modules/sequelize/lib/dialects/mariadb/connection-manager.js:100:17)\n    at processTicksAndRejections (node:internal/process/task_queues:96:5)\n    at async ConnectionManager._connect (/Users/soubinkittiphanh/Desktop/Pro/dc_express_api/node_modules/sequelize/lib/dialects/abstract/connection-manager.js:222:24)\n    at async /Users/soubinkittiphanh/Desktop/Pro/dc_express_api/node_modules/sequelize/lib/dialects/abstract/connection-manager.js:174:32","timestamp":"2024-12-08T08:35:53.996Z"}
{"level":"info","message":"Hello, Winston!","timestamp":"2024-12-08T08:35:56.655Z"}
{"level":"warn","message":"This is a warning message.","timestamp":"2024-12-08T08:35:56.657Z"}
{"level":"error","message":"This is an error message.","timestamp":"2024-12-08T08:35:56.657Z"}
{"level":"info","message":"This is an information message.","timestamp":"2024-12-08T08:35:56.658Z"}
{"ip":"192.168.1.1","level":"info","message":"User logged in","timestamp":"2024-12-08T08:35:56.658Z","username":"johndoe"}
{"level":"info","message":"DC Epress is up","timestamp":"2024-12-08T08:35:56.943Z"}
{"level":"info","message":"app is runing: 8888","timestamp":"2024-12-08T08:35:56.944Z"}
{"level":"warn","message":"env: dcommerce_express_dev","timestamp":"2024-12-08T08:35:56.945Z"}
{"level":"error","message":"client_db Connection error: (conn:1956, no: 1049, SQLState: 42000) Unknown database 'dcommerce_express_dev'","name":"SequelizeConnectionError","original":{"code":"ER_BAD_DB_ERROR","errno":1049,"fatal":true,"name":"SqlError","sql":null,"sqlMessage":"Unknown database 'dcommerce_express_dev'","sqlState":"42000"},"parent":{"code":"ER_BAD_DB_ERROR","errno":1049,"fatal":true,"name":"SqlError","sql":null,"sqlMessage":"Unknown database 'dcommerce_express_dev'","sqlState":"42000"},"stack":"SequelizeConnectionError: (conn:1956, no: 1049, SQLState: 42000) Unknown database 'dcommerce_express_dev'\n    at ConnectionManager.connect (/Users/soubinkittiphanh/Desktop/Pro/dc_express_api/node_modules/sequelize/lib/dialects/mariadb/connection-manager.js:100:17)\n    at processTicksAndRejections (node:internal/process/task_queues:96:5)\n    at async ConnectionManager._connect (/Users/soubinkittiphanh/Desktop/Pro/dc_express_api/node_modules/sequelize/lib/dialects/abstract/connection-manager.js:222:24)\n    at async /Users/soubinkittiphanh/Desktop/Pro/dc_express_api/node_modules/sequelize/lib/dialects/abstract/connection-manager.js:174:32","timestamp":"2024-12-08T08:35:57.132Z"}
{"level":"info","message":"Hello, Winston!","timestamp":"2024-12-08T08:36:36.712Z"}
{"level":"warn","message":"This is a warning message.","timestamp":"2024-12-08T08:36:36.714Z"}
{"level":"error","message":"This is an error message.","timestamp":"2024-12-08T08:36:36.715Z"}
{"level":"info","message":"This is an information message.","timestamp":"2024-12-08T08:36:36.715Z"}
{"ip":"192.168.1.1","level":"info","message":"User logged in","timestamp":"2024-12-08T08:36:36.716Z","username":"johndoe"}
{"level":"info","message":"DC Epress is up","timestamp":"2024-12-08T08:36:37.106Z"}
{"level":"info","message":"app is runing: 8888","timestamp":"2024-12-08T08:36:37.106Z"}
{"level":"warn","message":"env: dcommerce_express_dev","timestamp":"2024-12-08T08:36:37.107Z"}
{"level":"info","message":"client_db Connection established","timestamp":"2024-12-08T08:36:37.755Z"}
{"level":"info","message":"Database client is synchronized","timestamp":"2024-12-08T08:36:38.102Z"}
{"level":"info","message":"Hello, Winston!","timestamp":"2024-12-08T08:49:14.439Z"}
{"level":"warn","message":"This is a warning message.","timestamp":"2024-12-08T08:49:14.442Z"}
{"level":"error","message":"This is an error message.","timestamp":"2024-12-08T08:49:14.443Z"}
{"level":"info","message":"This is an information message.","timestamp":"2024-12-08T08:49:14.443Z"}
{"ip":"192.168.1.1","level":"info","message":"User logged in","timestamp":"2024-12-08T08:49:14.444Z","username":"johndoe"}
{"level":"info","message":"DC Epress is up","timestamp":"2024-12-08T08:49:14.843Z"}
{"level":"info","message":"app is runing: 8888","timestamp":"2024-12-08T08:49:14.844Z"}
{"level":"warn","message":"env: dcommerce_express_dev","timestamp":"2024-12-08T08:49:14.844Z"}
{"level":"info","message":"client_db Connection established","timestamp":"2024-12-08T08:49:15.700Z"}
{"level":"info","message":"Database client is synchronized","timestamp":"2024-12-08T08:49:20.096Z"}
{"level":"info","message":"Hello, Winston!","timestamp":"2024-12-08T08:51:51.794Z"}
{"level":"warn","message":"This is a warning message.","timestamp":"2024-12-08T08:51:51.796Z"}
{"level":"error","message":"This is an error message.","timestamp":"2024-12-08T08:51:51.797Z"}
{"level":"info","message":"This is an information message.","timestamp":"2024-12-08T08:51:51.797Z"}
{"ip":"192.168.1.1","level":"info","message":"User logged in","timestamp":"2024-12-08T08:51:51.797Z","username":"johndoe"}
{"level":"info","message":"DC Epress is up","timestamp":"2024-12-08T08:51:52.162Z"}
{"level":"info","message":"app is runing: 8888","timestamp":"2024-12-08T08:51:52.163Z"}
{"level":"warn","message":"env: dcommerce_express_dev","timestamp":"2024-12-08T08:51:52.163Z"}
{"level":"error","message":"client_db Connection error: (conn:1964, no: 45012, SQLState: 08S01) Connection timeout: failed to create socket after 1003ms","name":"SequelizeConnectionError","original":{"code":"ER_CONNECTION_TIMEOUT","errno":45012,"fatal":true,"name":"SqlError","sql":null,"sqlMessage":"Connection timeout: failed to create socket after 1003ms","sqlState":"08S01"},"parent":{"code":"ER_CONNECTION_TIMEOUT","errno":45012,"fatal":true,"name":"SqlError","sql":null,"sqlMessage":"Connection timeout: failed to create socket after 1003ms","sqlState":"08S01"},"stack":"SequelizeConnectionError: (conn:1964, no: 45012, SQLState: 08S01) Connection timeout: failed to create socket after 1003ms\n    at ConnectionManager.connect (/Users/soubinkittiphanh/Desktop/Pro/dc_express_api/node_modules/sequelize/lib/dialects/mariadb/connection-manager.js:100:17)\n    at processTicksAndRejections (node:internal/process/task_queues:96:5)\n    at async ConnectionManager._connect (/Users/soubinkittiphanh/Desktop/Pro/dc_express_api/node_modules/sequelize/lib/dialects/abstract/connection-manager.js:222:24)\n    at async /Users/soubinkittiphanh/Desktop/Pro/dc_express_api/node_modules/sequelize/lib/dialects/abstract/connection-manager.js:174:32","timestamp":"2024-12-08T08:51:53.166Z"}
{"level":"info","message":"Hello, Winston!","timestamp":"2024-12-08T08:53:07.286Z"}
{"level":"warn","message":"This is a warning message.","timestamp":"2024-12-08T08:53:07.288Z"}
{"level":"error","message":"This is an error message.","timestamp":"2024-12-08T08:53:07.289Z"}
{"level":"info","message":"This is an information message.","timestamp":"2024-12-08T08:53:07.289Z"}
{"ip":"192.168.1.1","level":"info","message":"User logged in","timestamp":"2024-12-08T08:53:07.290Z","username":"johndoe"}
{"level":"info","message":"DC Epress is up","timestamp":"2024-12-08T08:53:07.659Z"}
{"level":"info","message":"app is runing: 8888","timestamp":"2024-12-08T08:53:07.660Z"}
{"level":"warn","message":"env: dcommerce_express_dev","timestamp":"2024-12-08T08:53:07.661Z"}
{"level":"info","message":"client_db Connection established","timestamp":"2024-12-08T08:53:08.401Z"}
{"level":"info","message":"Database client is synchronized","timestamp":"2024-12-08T08:53:12.892Z"}
{"level":"info","message":"Hello, Winston!","timestamp":"2024-12-08T08:53:27.979Z"}
{"level":"warn","message":"This is a warning message.","timestamp":"2024-12-08T08:53:27.981Z"}
{"level":"error","message":"This is an error message.","timestamp":"2024-12-08T08:53:27.982Z"}
{"level":"info","message":"This is an information message.","timestamp":"2024-12-08T08:53:27.982Z"}
{"ip":"192.168.1.1","level":"info","message":"User logged in","timestamp":"2024-12-08T08:53:27.983Z","username":"johndoe"}
{"level":"info","message":"DC Epress is up","timestamp":"2024-12-08T08:53:28.341Z"}
{"level":"info","message":"app is runing: 8888","timestamp":"2024-12-08T08:53:28.341Z"}
{"level":"warn","message":"env: dcommerce_express_dev","timestamp":"2024-12-08T08:53:28.342Z"}
{"level":"info","message":"client_db Connection established","timestamp":"2024-12-08T08:53:30.306Z"}
{"level":"info","message":"Database client is synchronized","timestamp":"2024-12-08T08:53:34.109Z"}
{"level":"info","message":"Hello, Winston!","timestamp":"2024-12-08T08:54:14.332Z"}
{"level":"warn","message":"This is a warning message.","timestamp":"2024-12-08T08:54:14.334Z"}
{"level":"error","message":"This is an error message.","timestamp":"2024-12-08T08:54:14.335Z"}
{"level":"info","message":"This is an information message.","timestamp":"2024-12-08T08:54:14.335Z"}
{"ip":"192.168.1.1","level":"info","message":"User logged in","timestamp":"2024-12-08T08:54:14.336Z","username":"johndoe"}
{"level":"info","message":"DC Epress is up","timestamp":"2024-12-08T08:54:14.699Z"}
{"level":"info","message":"app is runing: 8888","timestamp":"2024-12-08T08:54:14.700Z"}
{"level":"warn","message":"env: dcommerce_express_dev","timestamp":"2024-12-08T08:54:14.701Z"}
{"level":"error","message":"client_db Connection error: (conn:1971, no: 45012, SQLState: 08S01) Connection timeout: failed to create socket after 1002ms","name":"SequelizeConnectionError","original":{"code":"ER_CONNECTION_TIMEOUT","errno":45012,"fatal":true,"name":"SqlError","sql":null,"sqlMessage":"Connection timeout: failed to create socket after 1002ms","sqlState":"08S01"},"parent":{"code":"ER_CONNECTION_TIMEOUT","errno":45012,"fatal":true,"name":"SqlError","sql":null,"sqlMessage":"Connection timeout: failed to create socket after 1002ms","sqlState":"08S01"},"stack":"SequelizeConnectionError: (conn:1971, no: 45012, SQLState: 08S01) Connection timeout: failed to create socket after 1002ms\n    at ConnectionManager.connect (/Users/soubinkittiphanh/Desktop/Pro/dc_express_api/node_modules/sequelize/lib/dialects/mariadb/connection-manager.js:100:17)\n    at processTicksAndRejections (node:internal/process/task_queues:96:5)\n    at async ConnectionManager._connect (/Users/soubinkittiphanh/Desktop/Pro/dc_express_api/node_modules/sequelize/lib/dialects/abstract/connection-manager.js:222:24)\n    at async /Users/soubinkittiphanh/Desktop/Pro/dc_express_api/node_modules/sequelize/lib/dialects/abstract/connection-manager.js:174:32","timestamp":"2024-12-08T08:54:15.703Z"}
{"level":"info","message":"Hello, Winston!","timestamp":"2024-12-08T08:54:17.717Z"}
{"level":"warn","message":"This is a warning message.","timestamp":"2024-12-08T08:54:17.719Z"}
{"level":"error","message":"This is an error message.","timestamp":"2024-12-08T08:54:17.719Z"}
{"level":"info","message":"This is an information message.","timestamp":"2024-12-08T08:54:17.720Z"}
{"ip":"192.168.1.1","level":"info","message":"User logged in","timestamp":"2024-12-08T08:54:17.720Z","username":"johndoe"}
{"level":"info","message":"DC Epress is up","timestamp":"2024-12-08T08:54:18.001Z"}
{"level":"info","message":"app is runing: 8888","timestamp":"2024-12-08T08:54:18.002Z"}
{"level":"warn","message":"env: dcommerce_express_dev","timestamp":"2024-12-08T08:54:18.003Z"}
{"level":"info","message":"client_db Connection established","timestamp":"2024-12-08T08:54:18.639Z"}
{"level":"info","message":"Database client is synchronized","timestamp":"2024-12-08T08:54:21.916Z"}
{"level":"info","message":"Hello, Winston!","timestamp":"2024-12-08T09:38:57.702Z"}
{"level":"warn","message":"This is a warning message.","timestamp":"2024-12-08T09:38:57.704Z"}
{"level":"error","message":"This is an error message.","timestamp":"2024-12-08T09:38:57.705Z"}
{"level":"info","message":"This is an information message.","timestamp":"2024-12-08T09:38:57.705Z"}
{"ip":"192.168.1.1","level":"info","message":"User logged in","timestamp":"2024-12-08T09:38:57.705Z","username":"johndoe"}
{"level":"info","message":"DC Epress is up","timestamp":"2024-12-08T09:38:58.105Z"}
{"level":"info","message":"app is runing: 8888","timestamp":"2024-12-08T09:38:58.106Z"}
{"level":"warn","message":"env: dcommerce_express_dev","timestamp":"2024-12-08T09:38:58.106Z"}
{"level":"info","message":"client_db Connection established","timestamp":"2024-12-08T09:38:58.792Z"}
{"level":"info","message":"Database client is synchronized","timestamp":"2024-12-08T09:39:01.515Z"}
{"level":"info","message":"Hello, Winston!","timestamp":"2024-12-08T09:39:18.922Z"}
{"level":"warn","message":"This is a warning message.","timestamp":"2024-12-08T09:39:18.924Z"}
{"level":"error","message":"This is an error message.","timestamp":"2024-12-08T09:39:18.925Z"}
{"level":"info","message":"This is an information message.","timestamp":"2024-12-08T09:39:18.925Z"}
{"ip":"192.168.1.1","level":"info","message":"User logged in","timestamp":"2024-12-08T09:39:18.925Z","username":"johndoe"}
{"level":"info","message":"DC Epress is up","timestamp":"2024-12-08T09:39:19.308Z"}
{"level":"info","message":"app is runing: 8888","timestamp":"2024-12-08T09:39:19.309Z"}
{"level":"warn","message":"env: dcommerce_express_dev","timestamp":"2024-12-08T09:39:19.310Z"}
{"level":"info","message":"client_db Connection established","timestamp":"2024-12-08T09:39:20.021Z"}
{"level":"info","message":"Database client is synchronized","timestamp":"2024-12-08T09:39:22.501Z"}
{"level":"info","message":"Hello, Winston!","timestamp":"2024-12-08T09:39:37.292Z"}
{"level":"warn","message":"This is a warning message.","timestamp":"2024-12-08T09:39:37.294Z"}
{"level":"error","message":"This is an error message.","timestamp":"2024-12-08T09:39:37.294Z"}
{"level":"info","message":"This is an information message.","timestamp":"2024-12-08T09:39:37.295Z"}
{"ip":"192.168.1.1","level":"info","message":"User logged in","timestamp":"2024-12-08T09:39:37.295Z","username":"johndoe"}
{"level":"info","message":"DC Epress is up","timestamp":"2024-12-08T09:39:37.648Z"}
{"level":"info","message":"app is runing: 8888","timestamp":"2024-12-08T09:39:37.649Z"}
{"level":"warn","message":"env: dcommerce_express_dev","timestamp":"2024-12-08T09:39:37.650Z"}
{"level":"info","message":"client_db Connection established","timestamp":"2024-12-08T09:39:39.140Z"}
{"level":"info","message":"Hello, Winston!","timestamp":"2024-12-08T09:39:40.628Z"}
{"level":"warn","message":"This is a warning message.","timestamp":"2024-12-08T09:39:40.630Z"}
{"level":"error","message":"This is an error message.","timestamp":"2024-12-08T09:39:40.630Z"}
{"level":"info","message":"This is an information message.","timestamp":"2024-12-08T09:39:40.631Z"}
{"ip":"192.168.1.1","level":"info","message":"User logged in","timestamp":"2024-12-08T09:39:40.631Z","username":"johndoe"}
{"level":"info","message":"DC Epress is up","timestamp":"2024-12-08T09:39:40.913Z"}
{"level":"info","message":"app is runing: 8888","timestamp":"2024-12-08T09:39:40.914Z"}
{"level":"warn","message":"env: dcommerce_express_dev","timestamp":"2024-12-08T09:39:40.915Z"}
{"level":"info","message":"client_db Connection established","timestamp":"2024-12-08T09:39:41.674Z"}
{"level":"info","message":"Database client is synchronized","timestamp":"2024-12-08T09:39:44.288Z"}
{"level":"info","message":"Hello, Winston!","timestamp":"2024-12-08T09:39:52.683Z"}
{"level":"warn","message":"This is a warning message.","timestamp":"2024-12-08T09:39:52.685Z"}
{"level":"error","message":"This is an error message.","timestamp":"2024-12-08T09:39:52.686Z"}
{"level":"info","message":"This is an information message.","timestamp":"2024-12-08T09:39:52.686Z"}
{"ip":"192.168.1.1","level":"info","message":"User logged in","timestamp":"2024-12-08T09:39:52.686Z","username":"johndoe"}
{"level":"info","message":"DC Epress is up","timestamp":"2024-12-08T09:39:53.046Z"}
{"level":"info","message":"app is runing: 8888","timestamp":"2024-12-08T09:39:53.046Z"}
{"level":"warn","message":"env: dcommerce_express_dev","timestamp":"2024-12-08T09:39:53.047Z"}
{"level":"info","message":"client_db Connection established","timestamp":"2024-12-08T09:39:53.793Z"}
{"level":"info","message":"Database client is synchronized","timestamp":"2024-12-08T09:39:56.337Z"}
{"level":"info","message":"Hello, Winston!","timestamp":"2024-12-08T09:45:06.213Z"}
{"level":"warn","message":"This is a warning message.","timestamp":"2024-12-08T09:45:06.215Z"}
{"level":"error","message":"This is an error message.","timestamp":"2024-12-08T09:45:06.216Z"}
{"level":"info","message":"This is an information message.","timestamp":"2024-12-08T09:45:06.216Z"}
{"ip":"192.168.1.1","level":"info","message":"User logged in","timestamp":"2024-12-08T09:45:06.217Z","username":"johndoe"}
{"level":"info","message":"DC Epress is up","timestamp":"2024-12-08T09:45:06.682Z"}
{"level":"info","message":"app is runing: 8888","timestamp":"2024-12-08T09:45:06.683Z"}
{"level":"warn","message":"env: dcommerce_express_dev","timestamp":"2024-12-08T09:45:06.684Z"}
{"level":"info","message":"client_db Connection established","timestamp":"2024-12-08T09:45:07.880Z"}
{"level":"info","message":"Hello, Winston!","timestamp":"2024-12-08T09:45:13.231Z"}
{"level":"warn","message":"This is a warning message.","timestamp":"2024-12-08T09:45:13.233Z"}
{"level":"error","message":"This is an error message.","timestamp":"2024-12-08T09:45:13.234Z"}
{"level":"info","message":"This is an information message.","timestamp":"2024-12-08T09:45:13.234Z"}
{"ip":"192.168.1.1","level":"info","message":"User logged in","timestamp":"2024-12-08T09:45:13.235Z","username":"johndoe"}
{"level":"info","message":"DC Epress is up","timestamp":"2024-12-08T09:45:13.546Z"}
{"level":"info","message":"app is runing: 8888","timestamp":"2024-12-08T09:45:13.546Z"}
{"level":"warn","message":"env: dcommerce_express_dev","timestamp":"2024-12-08T09:45:13.547Z"}
{"level":"info","message":"client_db Connection established","timestamp":"2024-12-08T09:45:14.215Z"}
{"level":"info","message":"Hello, Winston!","timestamp":"2024-12-08T09:45:32.813Z"}
{"level":"warn","message":"This is a warning message.","timestamp":"2024-12-08T09:45:32.815Z"}
{"level":"error","message":"This is an error message.","timestamp":"2024-12-08T09:45:32.815Z"}
{"level":"info","message":"This is an information message.","timestamp":"2024-12-08T09:45:32.816Z"}
{"ip":"192.168.1.1","level":"info","message":"User logged in","timestamp":"2024-12-08T09:45:32.816Z","username":"johndoe"}
{"level":"info","message":"DC Epress is up","timestamp":"2024-12-08T09:45:33.188Z"}
{"level":"info","message":"app is runing: 8888","timestamp":"2024-12-08T09:45:33.189Z"}
{"level":"warn","message":"env: dcommerce_express_dev","timestamp":"2024-12-08T09:45:33.190Z"}
{"level":"error","message":"client_db Connection error: (conn:-1, no: 45012, SQLState: 08S01) Connection timeout: failed to create socket after 1001ms","name":"SequelizeConnectionError","original":{"code":"ER_CONNECTION_TIMEOUT","errno":45012,"fatal":true,"name":"SqlError","sql":null,"sqlMessage":"Connection timeout: failed to create socket after 1001ms","sqlState":"08S01"},"parent":{"code":"ER_CONNECTION_TIMEOUT","errno":45012,"fatal":true,"name":"SqlError","sql":null,"sqlMessage":"Connection timeout: failed to create socket after 1001ms","sqlState":"08S01"},"stack":"SequelizeConnectionError: (conn:-1, no: 45012, SQLState: 08S01) Connection timeout: failed to create socket after 1001ms\n    at ConnectionManager.connect (/Users/soubinkittiphanh/Desktop/Pro/dc_express_api/node_modules/sequelize/lib/dialects/mariadb/connection-manager.js:100:17)\n    at processTicksAndRejections (node:internal/process/task_queues:96:5)\n    at async ConnectionManager._connect (/Users/soubinkittiphanh/Desktop/Pro/dc_express_api/node_modules/sequelize/lib/dialects/abstract/connection-manager.js:222:24)\n    at async /Users/soubinkittiphanh/Desktop/Pro/dc_express_api/node_modules/sequelize/lib/dialects/abstract/connection-manager.js:174:32","timestamp":"2024-12-08T09:45:34.190Z"}
{"level":"info","message":"Hello, Winston!","timestamp":"2024-12-08T09:45:44.398Z"}
{"level":"warn","message":"This is a warning message.","timestamp":"2024-12-08T09:45:44.401Z"}
{"level":"error","message":"This is an error message.","timestamp":"2024-12-08T09:45:44.401Z"}
{"level":"info","message":"This is an information message.","timestamp":"2024-12-08T09:45:44.402Z"}
{"ip":"192.168.1.1","level":"info","message":"User logged in","timestamp":"2024-12-08T09:45:44.402Z","username":"johndoe"}
{"level":"info","message":"DC Epress is up","timestamp":"2024-12-08T09:45:44.810Z"}
{"level":"info","message":"app is runing: 8888","timestamp":"2024-12-08T09:45:44.810Z"}
{"level":"warn","message":"env: dcommerce_express_dev","timestamp":"2024-12-08T09:45:44.811Z"}
{"level":"info","message":"client_db Connection established","timestamp":"2024-12-08T09:45:45.523Z"}
{"level":"info","message":"Hello, Winston!","timestamp":"2024-12-08T09:46:00.862Z"}
{"level":"warn","message":"This is a warning message.","timestamp":"2024-12-08T09:46:00.864Z"}
{"level":"error","message":"This is an error message.","timestamp":"2024-12-08T09:46:00.865Z"}
{"level":"info","message":"This is an information message.","timestamp":"2024-12-08T09:46:00.865Z"}
{"ip":"192.168.1.1","level":"info","message":"User logged in","timestamp":"2024-12-08T09:46:00.866Z","username":"johndoe"}
{"level":"info","message":"DC Epress is up","timestamp":"2024-12-08T09:46:01.155Z"}
{"level":"info","message":"app is runing: 8888","timestamp":"2024-12-08T09:46:01.155Z"}
{"level":"warn","message":"env: dcommerce_express_dev","timestamp":"2024-12-08T09:46:01.156Z"}
{"level":"info","message":"client_db Connection established","timestamp":"2024-12-08T09:46:01.725Z"}
{"level":"info","message":"Hello, Winston!","timestamp":"2024-12-09T13:20:00.863Z"}
{"level":"warn","message":"This is a warning message.","timestamp":"2024-12-09T13:20:00.865Z"}
{"level":"error","message":"This is an error message.","timestamp":"2024-12-09T13:20:00.866Z"}
{"level":"info","message":"This is an information message.","timestamp":"2024-12-09T13:20:00.866Z"}
{"ip":"192.168.1.1","level":"info","message":"User logged in","timestamp":"2024-12-09T13:20:00.867Z","username":"johndoe"}
{"level":"info","message":"DC Epress is up","timestamp":"2024-12-09T13:20:01.313Z"}
{"level":"info","message":"app is runing: 8888","timestamp":"2024-12-09T13:20:01.314Z"}
{"level":"warn","message":"env: dcommerce_express_dev","timestamp":"2024-12-09T13:20:01.315Z"}
{"level":"info","message":"client_db Connection established","timestamp":"2024-12-09T13:20:01.749Z"}
{"level":"info","message":"Hello, Winston!","timestamp":"2024-12-09T13:22:02.554Z"}
{"level":"warn","message":"This is a warning message.","timestamp":"2024-12-09T13:22:02.556Z"}
{"level":"error","message":"This is an error message.","timestamp":"2024-12-09T13:22:02.557Z"}
{"level":"info","message":"This is an information message.","timestamp":"2024-12-09T13:22:02.557Z"}
{"ip":"192.168.1.1","level":"info","message":"User logged in","timestamp":"2024-12-09T13:22:02.557Z","username":"johndoe"}
{"level":"info","message":"DC Epress is up","timestamp":"2024-12-09T13:22:02.955Z"}
{"level":"info","message":"app is runing: 8888","timestamp":"2024-12-09T13:22:02.955Z"}
{"level":"warn","message":"env: dcommerce_express_dev","timestamp":"2024-12-09T13:22:02.956Z"}
{"level":"info","message":"client_db Connection established","timestamp":"2024-12-09T13:22:03.139Z"}
{"level":"info","message":"Database client is synchronized","timestamp":"2024-12-09T13:22:04.102Z"}
{"level":"info","message":"Hello, Winston!","timestamp":"2024-12-09T13:36:52.969Z"}
{"level":"warn","message":"This is a warning message.","timestamp":"2024-12-09T13:36:52.971Z"}
{"level":"error","message":"This is an error message.","timestamp":"2024-12-09T13:36:52.972Z"}
{"level":"info","message":"This is an information message.","timestamp":"2024-12-09T13:36:52.972Z"}
{"ip":"192.168.1.1","level":"info","message":"User logged in","timestamp":"2024-12-09T13:36:52.973Z","username":"johndoe"}
{"level":"info","message":"DC Epress is up","timestamp":"2024-12-09T13:36:53.401Z"}
{"level":"info","message":"app is runing: 8888","timestamp":"2024-12-09T13:36:53.401Z"}
{"level":"warn","message":"env: dcommerce_express_dev","timestamp":"2024-12-09T13:36:53.402Z"}
{"level":"info","message":"client_db Connection established","timestamp":"2024-12-09T13:36:53.579Z"}
{"level":"info","message":"Database client is synchronized","timestamp":"2024-12-09T13:36:54.820Z"}
{"level":"info","message":"Hello, Winston!","timestamp":"2024-12-09T23:28:21.919Z"}
{"level":"warn","message":"This is a warning message.","timestamp":"2024-12-09T23:28:21.921Z"}
{"level":"error","message":"This is an error message.","timestamp":"2024-12-09T23:28:21.922Z"}
{"level":"info","message":"This is an information message.","timestamp":"2024-12-09T23:28:21.922Z"}
{"ip":"192.168.1.1","level":"info","message":"User logged in","timestamp":"2024-12-09T23:28:21.922Z","username":"johndoe"}
{"level":"info","message":"DC Epress is up","timestamp":"2024-12-09T23:28:22.329Z"}
{"level":"info","message":"app is runing: 8888","timestamp":"2024-12-09T23:28:22.330Z"}
{"level":"warn","message":"env: dcommerce_express_dev","timestamp":"2024-12-09T23:28:22.330Z"}
{"level":"info","message":"client_db Connection established","timestamp":"2024-12-09T23:28:22.519Z"}
{"level":"info","message":"Database client is synchronized","timestamp":"2024-12-09T23:28:24.175Z"}
{"level":"info","message":"Hello, Winston!","timestamp":"2024-12-10T00:02:09.602Z"}
{"level":"warn","message":"This is a warning message.","timestamp":"2024-12-10T00:02:09.604Z"}
{"level":"error","message":"This is an error message.","timestamp":"2024-12-10T00:02:09.605Z"}
{"level":"info","message":"This is an information message.","timestamp":"2024-12-10T00:02:09.605Z"}
{"ip":"192.168.1.1","level":"info","message":"User logged in","timestamp":"2024-12-10T00:02:09.606Z","username":"johndoe"}
{"level":"info","message":"DC Epress is up","timestamp":"2024-12-10T00:02:10.557Z"}
{"level":"info","message":"app is runing: 8888","timestamp":"2024-12-10T00:02:10.559Z"}
{"level":"warn","message":"env: dcommerce_express_dev","timestamp":"2024-12-10T00:02:10.560Z"}
{"level":"info","message":"client_db Connection established","timestamp":"2024-12-10T00:02:10.758Z"}
{"level":"info","message":"Database client is synchronized","timestamp":"2024-12-10T00:02:12.818Z"}
{"level":"info","message":"Hello, Winston!","timestamp":"2024-12-10T00:04:27.484Z"}
{"level":"warn","message":"This is a warning message.","timestamp":"2024-12-10T00:04:27.486Z"}
{"level":"error","message":"This is an error message.","timestamp":"2024-12-10T00:04:27.487Z"}
{"level":"info","message":"This is an information message.","timestamp":"2024-12-10T00:04:27.487Z"}
{"ip":"192.168.1.1","level":"info","message":"User logged in","timestamp":"2024-12-10T00:04:27.488Z","username":"johndoe"}
{"level":"info","message":"DC Epress is up","timestamp":"2024-12-10T00:04:27.965Z"}
{"level":"info","message":"app is runing: 8888","timestamp":"2024-12-10T00:04:27.966Z"}
{"level":"warn","message":"env: dcommerce_express_dev","timestamp":"2024-12-10T00:04:27.967Z"}
{"level":"info","message":"client_db Connection established","timestamp":"2024-12-10T00:04:28.172Z"}
{"level":"info","message":"Database client is synchronized","timestamp":"2024-12-10T00:04:30.660Z"}
{"level":"info","message":"Hello, Winston!","timestamp":"2024-12-10T00:04:35.867Z"}
{"level":"warn","message":"This is a warning message.","timestamp":"2024-12-10T00:04:35.869Z"}
{"level":"error","message":"This is an error message.","timestamp":"2024-12-10T00:04:35.870Z"}
{"level":"info","message":"This is an information message.","timestamp":"2024-12-10T00:04:35.870Z"}
{"ip":"192.168.1.1","level":"info","message":"User logged in","timestamp":"2024-12-10T00:04:35.870Z","username":"johndoe"}
{"level":"info","message":"DC Epress is up","timestamp":"2024-12-10T00:04:36.297Z"}
{"level":"info","message":"app is runing: 8888","timestamp":"2024-12-10T00:04:36.298Z"}
{"level":"warn","message":"env: dcommerce_express_dev","timestamp":"2024-12-10T00:04:36.298Z"}
{"level":"info","message":"client_db Connection established","timestamp":"2024-12-10T00:04:36.517Z"}
{"level":"info","message":"Database client is synchronized","timestamp":"2024-12-10T00:04:38.563Z"}
{"level":"info","message":"Hello, Winston!","timestamp":"2024-12-10T00:04:57.472Z"}
{"level":"warn","message":"This is a warning message.","timestamp":"2024-12-10T00:04:57.474Z"}
{"level":"error","message":"This is an error message.","timestamp":"2024-12-10T00:04:57.475Z"}
{"level":"info","message":"This is an information message.","timestamp":"2024-12-10T00:04:57.475Z"}
{"ip":"192.168.1.1","level":"info","message":"User logged in","timestamp":"2024-12-10T00:04:57.476Z","username":"johndoe"}
{"level":"info","message":"DC Epress is up","timestamp":"2024-12-10T00:04:57.907Z"}
{"level":"info","message":"app is runing: 8888","timestamp":"2024-12-10T00:04:57.908Z"}
{"level":"warn","message":"env: dcommerce_express_dev","timestamp":"2024-12-10T00:04:57.909Z"}
{"level":"info","message":"client_db Connection established","timestamp":"2024-12-10T00:04:58.117Z"}
{"level":"info","message":"Database client is synchronized","timestamp":"2024-12-10T00:05:00.207Z"}
{"level":"info","message":"Hello, Winston!","timestamp":"2024-12-10T00:05:25.821Z"}
{"level":"warn","message":"This is a warning message.","timestamp":"2024-12-10T00:05:25.823Z"}
{"level":"error","message":"This is an error message.","timestamp":"2024-12-10T00:05:25.824Z"}
{"level":"info","message":"This is an information message.","timestamp":"2024-12-10T00:05:25.824Z"}
{"ip":"192.168.1.1","level":"info","message":"User logged in","timestamp":"2024-12-10T00:05:25.825Z","username":"johndoe"}
{"level":"info","message":"DC Epress is up","timestamp":"2024-12-10T00:05:26.297Z"}
{"level":"info","message":"app is runing: 8888","timestamp":"2024-12-10T00:05:26.298Z"}
{"level":"warn","message":"env: dcommerce_express_dev","timestamp":"2024-12-10T00:05:26.299Z"}
{"level":"info","message":"client_db Connection established","timestamp":"2024-12-10T00:05:26.491Z"}
{"level":"info","message":"Database client is synchronized","timestamp":"2024-12-10T00:05:28.560Z"}
{"level":"info","message":"Hello, Winston!","timestamp":"2024-12-10T00:05:30.467Z"}
{"level":"warn","message":"This is a warning message.","timestamp":"2024-12-10T00:05:30.469Z"}
{"level":"error","message":"This is an error message.","timestamp":"2024-12-10T00:05:30.470Z"}
{"level":"info","message":"This is an information message.","timestamp":"2024-12-10T00:05:30.470Z"}
{"ip":"192.168.1.1","level":"info","message":"User logged in","timestamp":"2024-12-10T00:05:30.471Z","username":"johndoe"}
{"level":"info","message":"DC Epress is up","timestamp":"2024-12-10T00:05:30.808Z"}
{"level":"info","message":"app is runing: 8888","timestamp":"2024-12-10T00:05:30.809Z"}
{"level":"warn","message":"env: dcommerce_express_dev","timestamp":"2024-12-10T00:05:30.810Z"}
{"level":"info","message":"client_db Connection established","timestamp":"2024-12-10T00:05:31.004Z"}
{"level":"info","message":"Database client is synchronized","timestamp":"2024-12-10T00:05:33.072Z"}
{"level":"info","message":"Hello, Winston!","timestamp":"2024-12-10T12:02:06.036Z"}
{"level":"warn","message":"This is a warning message.","timestamp":"2024-12-10T12:02:06.038Z"}
{"level":"error","message":"This is an error message.","timestamp":"2024-12-10T12:02:06.039Z"}
{"level":"info","message":"This is an information message.","timestamp":"2024-12-10T12:02:06.039Z"}
{"ip":"192.168.1.1","level":"info","message":"User logged in","timestamp":"2024-12-10T12:02:06.040Z","username":"johndoe"}
{"level":"info","message":"DC Epress is up","timestamp":"2024-12-10T12:02:06.544Z"}
{"level":"info","message":"app is runing: 8888","timestamp":"2024-12-10T12:02:06.545Z"}
{"level":"warn","message":"env: dcommerce_express_dev","timestamp":"2024-12-10T12:02:06.546Z"}
{"level":"info","message":"client_db Connection established","timestamp":"2024-12-10T12:02:06.735Z"}
{"level":"info","message":"Database client is synchronized","timestamp":"2024-12-10T12:02:08.787Z"}
{"level":"info","message":"Hello, Winston!","timestamp":"2024-12-10T12:06:46.071Z"}
{"level":"warn","message":"This is a warning message.","timestamp":"2024-12-10T12:06:46.073Z"}
{"level":"error","message":"This is an error message.","timestamp":"2024-12-10T12:06:46.073Z"}
{"level":"info","message":"This is an information message.","timestamp":"2024-12-10T12:06:46.074Z"}
{"ip":"192.168.1.1","level":"info","message":"User logged in","timestamp":"2024-12-10T12:06:46.074Z","username":"johndoe"}
{"level":"info","message":"DC Epress is up","timestamp":"2024-12-10T12:06:46.540Z"}
{"level":"info","message":"app is runing: 8888","timestamp":"2024-12-10T12:06:46.540Z"}
{"level":"warn","message":"env: dcommerce_express_dev","timestamp":"2024-12-10T12:06:46.541Z"}
{"level":"info","message":"client_db Connection established","timestamp":"2024-12-10T12:06:46.715Z"}
{"level":"info","message":"Database client is synchronized","timestamp":"2024-12-10T12:06:48.978Z"}
{"level":"info","message":"Hello, Winston!","timestamp":"2024-12-10T12:08:05.392Z"}
{"level":"warn","message":"This is a warning message.","timestamp":"2024-12-10T12:08:05.394Z"}
{"level":"error","message":"This is an error message.","timestamp":"2024-12-10T12:08:05.395Z"}
{"level":"info","message":"This is an information message.","timestamp":"2024-12-10T12:08:05.395Z"}
{"ip":"192.168.1.1","level":"info","message":"User logged in","timestamp":"2024-12-10T12:08:05.395Z","username":"johndoe"}
{"level":"info","message":"DC Epress is up","timestamp":"2024-12-10T12:08:05.856Z"}
{"level":"info","message":"app is runing: 8888","timestamp":"2024-12-10T12:08:05.857Z"}
{"level":"warn","message":"env: dcommerce_express_dev","timestamp":"2024-12-10T12:08:05.857Z"}
{"level":"info","message":"client_db Connection established","timestamp":"2024-12-10T12:08:06.036Z"}
{"level":"info","message":"Database client is synchronized","timestamp":"2024-12-10T12:08:08.506Z"}
{"level":"info","message":"Hello, Winston!","timestamp":"2024-12-10T12:08:09.185Z"}
{"level":"warn","message":"This is a warning message.","timestamp":"2024-12-10T12:08:09.187Z"}
{"level":"error","message":"This is an error message.","timestamp":"2024-12-10T12:08:09.188Z"}
{"level":"info","message":"This is an information message.","timestamp":"2024-12-10T12:08:09.188Z"}
{"ip":"192.168.1.1","level":"info","message":"User logged in","timestamp":"2024-12-10T12:08:09.189Z","username":"johndoe"}
{"level":"info","message":"DC Epress is up","timestamp":"2024-12-10T12:08:09.534Z"}
{"level":"info","message":"app is runing: 8888","timestamp":"2024-12-10T12:08:09.534Z"}
{"level":"warn","message":"env: dcommerce_express_dev","timestamp":"2024-12-10T12:08:09.535Z"}
{"level":"info","message":"client_db Connection established","timestamp":"2024-12-10T12:08:09.722Z"}
{"level":"info","message":"Database client is synchronized","timestamp":"2024-12-10T12:08:11.721Z"}
{"level":"info","message":"Hello, Winston!","timestamp":"2024-12-10T12:08:35.327Z"}
{"level":"warn","message":"This is a warning message.","timestamp":"2024-12-10T12:08:35.329Z"}
{"level":"error","message":"This is an error message.","timestamp":"2024-12-10T12:08:35.330Z"}
{"level":"info","message":"This is an information message.","timestamp":"2024-12-10T12:08:35.330Z"}
{"ip":"192.168.1.1","level":"info","message":"User logged in","timestamp":"2024-12-10T12:08:35.330Z","username":"johndoe"}
{"level":"info","message":"DC Epress is up","timestamp":"2024-12-10T12:08:35.778Z"}
{"level":"info","message":"app is runing: 8888","timestamp":"2024-12-10T12:08:35.779Z"}
{"level":"warn","message":"env: dcommerce_express_dev","timestamp":"2024-12-10T12:08:35.779Z"}
{"level":"info","message":"client_db Connection established","timestamp":"2024-12-10T12:08:35.960Z"}
{"level":"info","message":"Database client is synchronized","timestamp":"2024-12-10T12:08:38.073Z"}
{"level":"info","message":"Hello, Winston!","timestamp":"2024-12-10T12:26:03.439Z"}
{"level":"warn","message":"This is a warning message.","timestamp":"2024-12-10T12:26:03.441Z"}
{"level":"error","message":"This is an error message.","timestamp":"2024-12-10T12:26:03.442Z"}
{"level":"info","message":"This is an information message.","timestamp":"2024-12-10T12:26:03.442Z"}
{"ip":"192.168.1.1","level":"info","message":"User logged in","timestamp":"2024-12-10T12:26:03.443Z","username":"johndoe"}
{"level":"info","message":"DC Epress is up","timestamp":"2024-12-10T12:26:03.896Z"}
{"level":"info","message":"app is runing: 8888","timestamp":"2024-12-10T12:26:03.897Z"}
{"level":"warn","message":"env: dcommerce_express_dev","timestamp":"2024-12-10T12:26:03.898Z"}
{"level":"info","message":"client_db Connection established","timestamp":"2024-12-10T12:26:04.125Z"}
{"level":"info","message":"Database client is synchronized","timestamp":"2024-12-10T12:26:06.185Z"}
{"level":"info","message":"Hello, Winston!","timestamp":"2024-12-10T12:32:14.812Z"}
{"level":"warn","message":"This is a warning message.","timestamp":"2024-12-10T12:32:14.814Z"}
{"level":"error","message":"This is an error message.","timestamp":"2024-12-10T12:32:14.814Z"}
{"level":"info","message":"This is an information message.","timestamp":"2024-12-10T12:32:14.815Z"}
{"ip":"192.168.1.1","level":"info","message":"User logged in","timestamp":"2024-12-10T12:32:14.815Z","username":"johndoe"}
{"level":"info","message":"DC Epress is up","timestamp":"2024-12-10T12:32:15.262Z"}
{"level":"info","message":"app is runing: 8888","timestamp":"2024-12-10T12:32:15.263Z"}
{"level":"warn","message":"env: dcommerce_express_dev","timestamp":"2024-12-10T12:32:15.264Z"}
{"level":"info","message":"client_db Connection established","timestamp":"2024-12-10T12:32:15.481Z"}
{"level":"info","message":"Hello, Winston!","timestamp":"2024-12-10T12:34:38.303Z"}
{"level":"warn","message":"This is a warning message.","timestamp":"2024-12-10T12:34:38.305Z"}
{"level":"error","message":"This is an error message.","timestamp":"2024-12-10T12:34:38.306Z"}
{"level":"info","message":"This is an information message.","timestamp":"2024-12-10T12:34:38.306Z"}
{"ip":"192.168.1.1","level":"info","message":"User logged in","timestamp":"2024-12-10T12:34:38.307Z","username":"johndoe"}
{"level":"info","message":"DC Epress is up","timestamp":"2024-12-10T12:34:38.812Z"}
{"level":"info","message":"app is runing: 8888","timestamp":"2024-12-10T12:34:38.812Z"}
{"level":"warn","message":"env: dcommerce_express_dev","timestamp":"2024-12-10T12:34:38.813Z"}
{"level":"info","message":"client_db Connection established","timestamp":"2024-12-10T12:34:38.998Z"}
{"level":"info","message":"Hello, Winston!","timestamp":"2024-12-10T12:38:38.807Z"}
{"level":"warn","message":"This is a warning message.","timestamp":"2024-12-10T12:38:38.809Z"}
{"level":"error","message":"This is an error message.","timestamp":"2024-12-10T12:38:38.810Z"}
{"level":"info","message":"This is an information message.","timestamp":"2024-12-10T12:38:38.810Z"}
{"ip":"192.168.1.1","level":"info","message":"User logged in","timestamp":"2024-12-10T12:38:38.810Z","username":"johndoe"}
{"level":"info","message":"DC Epress is up","timestamp":"2024-12-10T12:38:39.290Z"}
{"level":"info","message":"app is runing: 8888","timestamp":"2024-12-10T12:38:39.291Z"}
{"level":"warn","message":"env: dcommerce_express_dev","timestamp":"2024-12-10T12:38:39.292Z"}
{"level":"info","message":"client_db Connection established","timestamp":"2024-12-10T12:38:39.523Z"}
{"level":"info","message":"Database client is synchronized","timestamp":"2024-12-10T12:38:42.985Z"}
{"level":"info","message":"Hello, Winston!","timestamp":"2024-12-10T12:41:05.078Z"}
{"level":"warn","message":"This is a warning message.","timestamp":"2024-12-10T12:41:05.080Z"}
{"level":"error","message":"This is an error message.","timestamp":"2024-12-10T12:41:05.081Z"}
{"level":"info","message":"This is an information message.","timestamp":"2024-12-10T12:41:05.081Z"}
{"ip":"192.168.1.1","level":"info","message":"User logged in","timestamp":"2024-12-10T12:41:05.082Z","username":"johndoe"}
{"level":"info","message":"DC Epress is up","timestamp":"2024-12-10T12:41:05.616Z"}
{"level":"info","message":"app is runing: 8888","timestamp":"2024-12-10T12:41:05.617Z"}
{"level":"warn","message":"env: dcommerce_express_dev","timestamp":"2024-12-10T12:41:05.618Z"}
{"level":"info","message":"client_db Connection established","timestamp":"2024-12-10T12:41:05.795Z"}
{"level":"info","message":"Hello, Winston!","timestamp":"2024-12-10T12:41:06.333Z"}
{"level":"warn","message":"This is a warning message.","timestamp":"2024-12-10T12:41:06.336Z"}
{"level":"error","message":"This is an error message.","timestamp":"2024-12-10T12:41:06.336Z"}
{"level":"info","message":"This is an information message.","timestamp":"2024-12-10T12:41:06.336Z"}
{"ip":"192.168.1.1","level":"info","message":"User logged in","timestamp":"2024-12-10T12:41:06.337Z","username":"johndoe"}
{"level":"info","message":"DC Epress is up","timestamp":"2024-12-10T12:41:06.683Z"}
{"level":"info","message":"app is runing: 8888","timestamp":"2024-12-10T12:41:06.683Z"}
{"level":"warn","message":"env: dcommerce_express_dev","timestamp":"2024-12-10T12:41:06.684Z"}
{"level":"error","message":"client_db Connection error: (conn:-1, no: 45012, SQLState: 08S01) Connection timeout: failed to create socket after 1002ms","name":"SequelizeConnectionError","original":{"code":"ER_CONNECTION_TIMEOUT","errno":45012,"fatal":true,"name":"SqlError","sql":null,"sqlMessage":"Connection timeout: failed to create socket after 1002ms","sqlState":"08S01"},"parent":{"code":"ER_CONNECTION_TIMEOUT","errno":45012,"fatal":true,"name":"SqlError","sql":null,"sqlMessage":"Connection timeout: failed to create socket after 1002ms","sqlState":"08S01"},"stack":"SequelizeConnectionError: (conn:-1, no: 45012, SQLState: 08S01) Connection timeout: failed to create socket after 1002ms\n    at ConnectionManager.connect (/Users/soubinkittiphanh/Desktop/Pro/dc_express_api/node_modules/sequelize/lib/dialects/mariadb/connection-manager.js:100:17)\n    at processTicksAndRejections (node:internal/process/task_queues:96:5)\n    at async ConnectionManager._connect (/Users/soubinkittiphanh/Desktop/Pro/dc_express_api/node_modules/sequelize/lib/dialects/abstract/connection-manager.js:222:24)\n    at async /Users/soubinkittiphanh/Desktop/Pro/dc_express_api/node_modules/sequelize/lib/dialects/abstract/connection-manager.js:174:32","timestamp":"2024-12-10T12:41:07.684Z"}
{"level":"info","message":"Hello, Winston!","timestamp":"2024-12-10T12:41:42.580Z"}
{"level":"warn","message":"This is a warning message.","timestamp":"2024-12-10T12:41:42.583Z"}
{"level":"error","message":"This is an error message.","timestamp":"2024-12-10T12:41:42.583Z"}
{"level":"info","message":"This is an information message.","timestamp":"2024-12-10T12:41:42.583Z"}
{"ip":"192.168.1.1","level":"info","message":"User logged in","timestamp":"2024-12-10T12:41:42.584Z","username":"johndoe"}
{"level":"info","message":"DC Epress is up","timestamp":"2024-12-10T12:41:43.035Z"}
{"level":"info","message":"app is runing: 8888","timestamp":"2024-12-10T12:41:43.036Z"}
{"level":"warn","message":"env: dcommerce_express_dev","timestamp":"2024-12-10T12:41:43.037Z"}
{"level":"info","message":"client_db Connection established","timestamp":"2024-12-10T12:41:43.223Z"}
{"level":"info","message":"Hello, Winston!","timestamp":"2024-12-10T12:44:01.205Z"}
{"level":"warn","message":"This is a warning message.","timestamp":"2024-12-10T12:44:01.207Z"}
{"level":"error","message":"This is an error message.","timestamp":"2024-12-10T12:44:01.208Z"}
{"level":"info","message":"This is an information message.","timestamp":"2024-12-10T12:44:01.208Z"}
{"ip":"192.168.1.1","level":"info","message":"User logged in","timestamp":"2024-12-10T12:44:01.209Z","username":"johndoe"}
{"level":"info","message":"DC Epress is up","timestamp":"2024-12-10T12:44:01.712Z"}
{"level":"info","message":"app is runing: 8888","timestamp":"2024-12-10T12:44:01.713Z"}
{"level":"warn","message":"env: dcommerce_express_dev","timestamp":"2024-12-10T12:44:01.714Z"}
{"level":"info","message":"client_db Connection established","timestamp":"2024-12-10T12:44:01.903Z"}
{"level":"info","message":"Hello, Winston!","timestamp":"2024-12-10T12:44:12.284Z"}
{"level":"warn","message":"This is a warning message.","timestamp":"2024-12-10T12:44:12.286Z"}
{"level":"error","message":"This is an error message.","timestamp":"2024-12-10T12:44:12.287Z"}
{"level":"info","message":"This is an information message.","timestamp":"2024-12-10T12:44:12.287Z"}
{"ip":"192.168.1.1","level":"info","message":"User logged in","timestamp":"2024-12-10T12:44:12.288Z","username":"johndoe"}
{"level":"info","message":"DC Epress is up","timestamp":"2024-12-10T12:44:12.737Z"}
{"level":"info","message":"app is runing: 8888","timestamp":"2024-12-10T12:44:12.738Z"}
{"level":"warn","message":"env: dcommerce_express_dev","timestamp":"2024-12-10T12:44:12.738Z"}
{"level":"info","message":"client_db Connection established","timestamp":"2024-12-10T12:44:12.941Z"}
{"level":"info","message":"Hello, Winston!","timestamp":"2024-12-10T12:52:55.628Z"}
{"level":"warn","message":"This is a warning message.","timestamp":"2024-12-10T12:52:55.630Z"}
{"level":"error","message":"This is an error message.","timestamp":"2024-12-10T12:52:55.631Z"}
{"level":"info","message":"This is an information message.","timestamp":"2024-12-10T12:52:55.631Z"}
{"ip":"192.168.1.1","level":"info","message":"User logged in","timestamp":"2024-12-10T12:52:55.631Z","username":"johndoe"}
{"level":"info","message":"DC Epress is up","timestamp":"2024-12-10T12:52:56.136Z"}
{"level":"info","message":"app is runing: 8888","timestamp":"2024-12-10T12:52:56.137Z"}
{"level":"warn","message":"env: dcommerce_express_dev","timestamp":"2024-12-10T12:52:56.138Z"}
{"level":"info","message":"client_db Connection established","timestamp":"2024-12-10T12:52:56.319Z"}
{"level":"info","message":"Hello, Winston!","timestamp":"2024-12-10T12:53:28.032Z"}
{"level":"warn","message":"This is a warning message.","timestamp":"2024-12-10T12:53:28.034Z"}
{"level":"error","message":"This is an error message.","timestamp":"2024-12-10T12:53:28.035Z"}
{"level":"info","message":"This is an information message.","timestamp":"2024-12-10T12:53:28.035Z"}
{"ip":"192.168.1.1","level":"info","message":"User logged in","timestamp":"2024-12-10T12:53:28.035Z","username":"johndoe"}
{"level":"info","message":"DC Epress is up","timestamp":"2024-12-10T12:53:28.481Z"}
{"level":"info","message":"app is runing: 8888","timestamp":"2024-12-10T12:53:28.482Z"}
{"level":"warn","message":"env: dcommerce_express_dev","timestamp":"2024-12-10T12:53:28.482Z"}
{"level":"info","message":"client_db Connection established","timestamp":"2024-12-10T12:53:28.652Z"}
{"level":"info","message":"Hello, Winston!","timestamp":"2024-12-10T12:58:17.135Z"}
{"level":"warn","message":"This is a warning message.","timestamp":"2024-12-10T12:58:17.137Z"}
{"level":"error","message":"This is an error message.","timestamp":"2024-12-10T12:58:17.138Z"}
{"level":"info","message":"This is an information message.","timestamp":"2024-12-10T12:58:17.138Z"}
{"ip":"192.168.1.1","level":"info","message":"User logged in","timestamp":"2024-12-10T12:58:17.139Z","username":"johndoe"}
{"level":"info","message":"DC Epress is up","timestamp":"2024-12-10T12:58:17.609Z"}
{"level":"info","message":"app is runing: 8888","timestamp":"2024-12-10T12:58:17.609Z"}
{"level":"warn","message":"env: dcommerce_express_dev","timestamp":"2024-12-10T12:58:17.610Z"}
{"level":"info","message":"client_db Connection established","timestamp":"2024-12-10T12:58:17.791Z"}
{"level":"info","message":"Hello, Winston!","timestamp":"2024-12-10T12:59:06.681Z"}
{"level":"warn","message":"This is a warning message.","timestamp":"2024-12-10T12:59:06.683Z"}
{"level":"error","message":"This is an error message.","timestamp":"2024-12-10T12:59:06.684Z"}
{"level":"info","message":"This is an information message.","timestamp":"2024-12-10T12:59:06.684Z"}
{"ip":"192.168.1.1","level":"info","message":"User logged in","timestamp":"2024-12-10T12:59:06.685Z","username":"johndoe"}
{"level":"info","message":"DC Epress is up","timestamp":"2024-12-10T12:59:07.144Z"}
{"level":"info","message":"app is runing: 8888","timestamp":"2024-12-10T12:59:07.145Z"}
{"level":"warn","message":"env: dcommerce_express_dev","timestamp":"2024-12-10T12:59:07.146Z"}
{"level":"info","message":"client_db Connection established","timestamp":"2024-12-10T12:59:07.749Z"}
{"level":"info","message":"Hello, Winston!","timestamp":"2024-12-10T12:59:52.055Z"}
{"level":"warn","message":"This is a warning message.","timestamp":"2024-12-10T12:59:52.057Z"}
{"level":"error","message":"This is an error message.","timestamp":"2024-12-10T12:59:52.057Z"}
{"level":"info","message":"This is an information message.","timestamp":"2024-12-10T12:59:52.058Z"}
{"ip":"192.168.1.1","level":"info","message":"User logged in","timestamp":"2024-12-10T12:59:52.058Z","username":"johndoe"}
{"level":"info","message":"DC Epress is up","timestamp":"2024-12-10T12:59:52.542Z"}
{"level":"info","message":"app is runing: 8888","timestamp":"2024-12-10T12:59:52.543Z"}
{"level":"warn","message":"env: dcommerce_express_dev","timestamp":"2024-12-10T12:59:52.543Z"}
{"level":"info","message":"client_db Connection established","timestamp":"2024-12-10T12:59:52.715Z"}
{"level":"info","message":"Hello, Winston!","timestamp":"2024-12-10T13:13:52.074Z"}
{"level":"warn","message":"This is a warning message.","timestamp":"2024-12-10T13:13:52.077Z"}
{"level":"error","message":"This is an error message.","timestamp":"2024-12-10T13:13:52.077Z"}
{"level":"info","message":"This is an information message.","timestamp":"2024-12-10T13:13:52.078Z"}
{"ip":"192.168.1.1","level":"info","message":"User logged in","timestamp":"2024-12-10T13:13:52.078Z","username":"johndoe"}
{"level":"info","message":"DC Epress is up","timestamp":"2024-12-10T13:13:52.567Z"}
{"level":"info","message":"app is runing: 8888","timestamp":"2024-12-10T13:13:52.568Z"}
{"level":"warn","message":"env: dcommerce_express_dev","timestamp":"2024-12-10T13:13:52.568Z"}
{"level":"info","message":"client_db Connection established","timestamp":"2024-12-10T13:13:52.752Z"}
{"level":"info","message":"Hello, Winston!","timestamp":"2024-12-10T13:17:15.046Z"}
{"level":"warn","message":"This is a warning message.","timestamp":"2024-12-10T13:17:15.049Z"}
{"level":"error","message":"This is an error message.","timestamp":"2024-12-10T13:17:15.049Z"}
{"level":"info","message":"This is an information message.","timestamp":"2024-12-10T13:17:15.049Z"}
{"ip":"192.168.1.1","level":"info","message":"User logged in","timestamp":"2024-12-10T13:17:15.050Z","username":"johndoe"}
{"level":"info","message":"DC Epress is up","timestamp":"2024-12-10T13:17:15.609Z"}
{"level":"info","message":"app is runing: 8888","timestamp":"2024-12-10T13:17:15.609Z"}
{"level":"warn","message":"env: dcommerce_express_dev","timestamp":"2024-12-10T13:17:15.610Z"}
{"level":"info","message":"client_db Connection established","timestamp":"2024-12-10T13:17:15.784Z"}
{"level":"info","message":"Hello, Winston!","timestamp":"2024-12-10T13:17:50.148Z"}
{"level":"warn","message":"This is a warning message.","timestamp":"2024-12-10T13:17:50.150Z"}
{"level":"error","message":"This is an error message.","timestamp":"2024-12-10T13:17:50.151Z"}
{"level":"info","message":"This is an information message.","timestamp":"2024-12-10T13:17:50.151Z"}
{"ip":"192.168.1.1","level":"info","message":"User logged in","timestamp":"2024-12-10T13:17:50.152Z","username":"johndoe"}
{"level":"info","message":"DC Epress is up","timestamp":"2024-12-10T13:17:50.668Z"}
{"level":"info","message":"app is runing: 8888","timestamp":"2024-12-10T13:17:50.668Z"}
{"level":"warn","message":"env: dcommerce_express_dev","timestamp":"2024-12-10T13:17:50.669Z"}
{"level":"info","message":"client_db Connection established","timestamp":"2024-12-10T13:17:50.870Z"}
{"level":"info","message":"Hello, Winston!","timestamp":"2024-12-10T13:19:16.777Z"}
{"level":"warn","message":"This is a warning message.","timestamp":"2024-12-10T13:19:16.779Z"}
{"level":"error","message":"This is an error message.","timestamp":"2024-12-10T13:19:16.780Z"}
{"level":"info","message":"This is an information message.","timestamp":"2024-12-10T13:19:16.780Z"}
{"ip":"192.168.1.1","level":"info","message":"User logged in","timestamp":"2024-12-10T13:19:16.781Z","username":"johndoe"}
{"level":"info","message":"DC Epress is up","timestamp":"2024-12-10T13:19:17.235Z"}
{"level":"info","message":"app is runing: 8888","timestamp":"2024-12-10T13:19:17.236Z"}
{"level":"warn","message":"env: dcommerce_express_dev","timestamp":"2024-12-10T13:19:17.236Z"}
{"level":"info","message":"client_db Connection established","timestamp":"2024-12-10T13:19:17.417Z"}
{"level":"info","message":"Hello, Winston!","timestamp":"2024-12-10T13:19:42.513Z"}
{"level":"warn","message":"This is a warning message.","timestamp":"2024-12-10T13:19:42.515Z"}
{"level":"error","message":"This is an error message.","timestamp":"2024-12-10T13:19:42.516Z"}
{"level":"info","message":"This is an information message.","timestamp":"2024-12-10T13:19:42.516Z"}
{"ip":"192.168.1.1","level":"info","message":"User logged in","timestamp":"2024-12-10T13:19:42.517Z","username":"johndoe"}
{"level":"info","message":"DC Epress is up","timestamp":"2024-12-10T13:19:43.057Z"}
{"level":"info","message":"app is runing: 8888","timestamp":"2024-12-10T13:19:43.058Z"}
{"level":"warn","message":"env: dcommerce_express_dev","timestamp":"2024-12-10T13:19:43.059Z"}
{"level":"info","message":"client_db Connection established","timestamp":"2024-12-10T13:19:43.253Z"}
{"level":"info","message":"Database client is synchronized","timestamp":"2024-12-10T13:19:44.716Z"}
{"level":"info","message":"Hello, Winston!","timestamp":"2024-12-10T13:21:19.543Z"}
{"level":"warn","message":"This is a warning message.","timestamp":"2024-12-10T13:21:19.545Z"}
{"level":"error","message":"This is an error message.","timestamp":"2024-12-10T13:21:19.546Z"}
{"level":"info","message":"This is an information message.","timestamp":"2024-12-10T13:21:19.546Z"}
{"ip":"192.168.1.1","level":"info","message":"User logged in","timestamp":"2024-12-10T13:21:19.547Z","username":"johndoe"}
{"level":"info","message":"DC Epress is up","timestamp":"2024-12-10T13:21:20.019Z"}
{"level":"info","message":"app is runing: 8888","timestamp":"2024-12-10T13:21:20.020Z"}
{"level":"warn","message":"env: dcommerce_express_dev","timestamp":"2024-12-10T13:21:20.020Z"}
{"level":"info","message":"client_db Connection established","timestamp":"2024-12-10T13:21:20.211Z"}
{"level":"info","message":"Hello, Winston!","timestamp":"2024-12-10T13:22:23.731Z"}
{"level":"warn","message":"This is a warning message.","timestamp":"2024-12-10T13:22:23.733Z"}
{"level":"error","message":"This is an error message.","timestamp":"2024-12-10T13:22:23.734Z"}
{"level":"info","message":"This is an information message.","timestamp":"2024-12-10T13:22:23.734Z"}
{"ip":"192.168.1.1","level":"info","message":"User logged in","timestamp":"2024-12-10T13:22:23.735Z","username":"johndoe"}
{"level":"info","message":"DC Epress is up","timestamp":"2024-12-10T13:22:24.224Z"}
{"level":"info","message":"app is runing: 8888","timestamp":"2024-12-10T13:22:24.225Z"}
{"level":"warn","message":"env: dcommerce_express_dev","timestamp":"2024-12-10T13:22:24.226Z"}
{"level":"info","message":"client_db Connection established","timestamp":"2024-12-10T13:22:24.406Z"}
{"level":"info","message":"Hello, Winston!","timestamp":"2024-12-10T13:25:13.307Z"}
{"level":"warn","message":"This is a warning message.","timestamp":"2024-12-10T13:25:13.309Z"}
{"level":"error","message":"This is an error message.","timestamp":"2024-12-10T13:25:13.310Z"}
{"level":"info","message":"This is an information message.","timestamp":"2024-12-10T13:25:13.310Z"}
{"ip":"192.168.1.1","level":"info","message":"User logged in","timestamp":"2024-12-10T13:25:13.310Z","username":"johndoe"}
{"level":"info","message":"DC Epress is up","timestamp":"2024-12-10T13:25:13.789Z"}
{"level":"info","message":"app is runing: 8888","timestamp":"2024-12-10T13:25:13.790Z"}
{"level":"warn","message":"env: dcommerce_express_dev","timestamp":"2024-12-10T13:25:13.791Z"}
{"level":"info","message":"client_db Connection established","timestamp":"2024-12-10T13:25:13.967Z"}
{"level":"info","message":"Database client is synchronized","timestamp":"2024-12-10T13:25:15.791Z"}
{"level":"info","message":"Hello, Winston!","timestamp":"2024-12-10T13:25:32.536Z"}
{"level":"warn","message":"This is a warning message.","timestamp":"2024-12-10T13:25:32.538Z"}
{"level":"error","message":"This is an error message.","timestamp":"2024-12-10T13:25:32.539Z"}
{"level":"info","message":"This is an information message.","timestamp":"2024-12-10T13:25:32.539Z"}
{"ip":"192.168.1.1","level":"info","message":"User logged in","timestamp":"2024-12-10T13:25:32.539Z","username":"johndoe"}
{"level":"info","message":"DC Epress is up","timestamp":"2024-12-10T13:25:32.964Z"}
{"level":"info","message":"app is runing: 8888","timestamp":"2024-12-10T13:25:32.965Z"}
{"level":"warn","message":"env: dcommerce_express_dev","timestamp":"2024-12-10T13:25:32.966Z"}
{"level":"info","message":"client_db Connection established","timestamp":"2024-12-10T13:25:33.141Z"}
{"level":"info","message":"Database client is synchronized","timestamp":"2024-12-10T13:25:33.692Z"}
{"level":"info","message":"Hello, Winston!","timestamp":"2024-12-10T13:29:27.122Z"}
{"level":"warn","message":"This is a warning message.","timestamp":"2024-12-10T13:29:27.124Z"}
{"level":"error","message":"This is an error message.","timestamp":"2024-12-10T13:29:27.124Z"}
{"level":"info","message":"This is an information message.","timestamp":"2024-12-10T13:29:27.125Z"}
{"ip":"192.168.1.1","level":"info","message":"User logged in","timestamp":"2024-12-10T13:29:27.125Z","username":"johndoe"}
{"level":"info","message":"DC Epress is up","timestamp":"2024-12-10T13:29:27.595Z"}
{"level":"info","message":"app is runing: 8888","timestamp":"2024-12-10T13:29:27.596Z"}
{"level":"warn","message":"env: dcommerce_express_dev","timestamp":"2024-12-10T13:29:27.597Z"}
{"level":"info","message":"client_db Connection established","timestamp":"2024-12-10T13:29:27.773Z"}
{"level":"info","message":"Database client is synchronized","timestamp":"2024-12-10T13:29:29.800Z"}
{"level":"info","message":"Hello, Winston!","timestamp":"2024-12-10T13:30:18.774Z"}
{"level":"warn","message":"This is a warning message.","timestamp":"2024-12-10T13:30:18.776Z"}
{"level":"error","message":"This is an error message.","timestamp":"2024-12-10T13:30:18.777Z"}
{"level":"info","message":"This is an information message.","timestamp":"2024-12-10T13:30:18.777Z"}
{"ip":"192.168.1.1","level":"info","message":"User logged in","timestamp":"2024-12-10T13:30:18.778Z","username":"johndoe"}
{"level":"info","message":"DC Epress is up","timestamp":"2024-12-10T13:30:19.251Z"}
{"level":"info","message":"app is runing: 8888","timestamp":"2024-12-10T13:30:19.251Z"}
{"level":"warn","message":"env: dcommerce_express_dev","timestamp":"2024-12-10T13:30:19.252Z"}
{"level":"info","message":"client_db Connection established","timestamp":"2024-12-10T13:30:19.437Z"}
{"level":"info","message":"Hello, Winston!","timestamp":"2024-12-10T13:31:03.076Z"}
{"level":"warn","message":"This is a warning message.","timestamp":"2024-12-10T13:31:03.078Z"}
{"level":"error","message":"This is an error message.","timestamp":"2024-12-10T13:31:03.079Z"}
{"level":"info","message":"This is an information message.","timestamp":"2024-12-10T13:31:03.079Z"}
{"ip":"192.168.1.1","level":"info","message":"User logged in","timestamp":"2024-12-10T13:31:03.080Z","username":"johndoe"}
{"level":"info","message":"DC Epress is up","timestamp":"2024-12-10T13:31:03.528Z"}
{"level":"info","message":"app is runing: 8888","timestamp":"2024-12-10T13:31:03.528Z"}
{"level":"warn","message":"env: dcommerce_express_dev","timestamp":"2024-12-10T13:31:03.529Z"}
{"level":"info","message":"client_db Connection established","timestamp":"2024-12-10T13:31:03.706Z"}
{"level":"info","message":"Database client is synchronized","timestamp":"2024-12-10T13:31:04.199Z"}
{"level":"info","message":"Hello, Winston!","timestamp":"2024-12-10T13:32:43.574Z"}
{"level":"warn","message":"This is a warning message.","timestamp":"2024-12-10T13:32:43.576Z"}
{"level":"error","message":"This is an error message.","timestamp":"2024-12-10T13:32:43.577Z"}
{"level":"info","message":"This is an information message.","timestamp":"2024-12-10T13:32:43.577Z"}
{"ip":"192.168.1.1","level":"info","message":"User logged in","timestamp":"2024-12-10T13:32:43.578Z","username":"johndoe"}
{"level":"info","message":"DC Epress is up","timestamp":"2024-12-10T13:32:44.040Z"}
{"level":"info","message":"app is runing: 8888","timestamp":"2024-12-10T13:32:44.041Z"}
{"level":"warn","message":"env: dcommerce_express_dev","timestamp":"2024-12-10T13:32:44.042Z"}
{"level":"info","message":"client_db Connection established","timestamp":"2024-12-10T13:32:44.248Z"}
{"level":"info","message":"Database client is synchronized","timestamp":"2024-12-10T13:32:46.315Z"}
{"level":"info","message":"Hello, Winston!","timestamp":"2024-12-10T13:39:13.764Z"}
{"level":"warn","message":"This is a warning message.","timestamp":"2024-12-10T13:39:13.766Z"}
{"level":"error","message":"This is an error message.","timestamp":"2024-12-10T13:39:13.766Z"}
{"level":"info","message":"This is an information message.","timestamp":"2024-12-10T13:39:13.767Z"}
{"ip":"192.168.1.1","level":"info","message":"User logged in","timestamp":"2024-12-10T13:39:13.767Z","username":"johndoe"}
{"level":"info","message":"DC Epress is up","timestamp":"2024-12-10T13:39:14.257Z"}
{"level":"info","message":"app is runing: 8888","timestamp":"2024-12-10T13:39:14.259Z"}
{"level":"warn","message":"env: dcommerce_express_dev","timestamp":"2024-12-10T13:39:14.260Z"}
{"level":"info","message":"client_db Connection established","timestamp":"2024-12-10T13:39:14.439Z"}
{"level":"info","message":"Hello, Winston!","timestamp":"2024-12-10T13:39:36.153Z"}
{"level":"warn","message":"This is a warning message.","timestamp":"2024-12-10T13:39:36.155Z"}
{"level":"error","message":"This is an error message.","timestamp":"2024-12-10T13:39:36.155Z"}
{"level":"info","message":"This is an information message.","timestamp":"2024-12-10T13:39:36.156Z"}
{"ip":"192.168.1.1","level":"info","message":"User logged in","timestamp":"2024-12-10T13:39:36.156Z","username":"johndoe"}
{"level":"info","message":"DC Epress is up","timestamp":"2024-12-10T13:39:36.607Z"}
{"level":"info","message":"app is runing: 8888","timestamp":"2024-12-10T13:39:36.608Z"}
{"level":"warn","message":"env: dcommerce_express_dev","timestamp":"2024-12-10T13:39:36.609Z"}
{"level":"info","message":"client_db Connection established","timestamp":"2024-12-10T13:39:36.802Z"}
{"level":"info","message":"Hello, Winston!","timestamp":"2024-12-10T13:39:59.531Z"}
{"level":"warn","message":"This is a warning message.","timestamp":"2024-12-10T13:39:59.533Z"}
{"level":"error","message":"This is an error message.","timestamp":"2024-12-10T13:39:59.533Z"}
{"level":"info","message":"This is an information message.","timestamp":"2024-12-10T13:39:59.534Z"}
{"ip":"192.168.1.1","level":"info","message":"User logged in","timestamp":"2024-12-10T13:39:59.534Z","username":"johndoe"}
{"level":"info","message":"DC Epress is up","timestamp":"2024-12-10T13:40:00.015Z"}
{"level":"info","message":"app is runing: 8888","timestamp":"2024-12-10T13:40:00.016Z"}
{"level":"warn","message":"env: dcommerce_express_dev","timestamp":"2024-12-10T13:40:00.017Z"}
{"level":"info","message":"client_db Connection established","timestamp":"2024-12-10T13:40:00.202Z"}
{"level":"info","message":"Database client is synchronized","timestamp":"2024-12-10T13:40:00.734Z"}
{"level":"info","message":"Hello, Winston!","timestamp":"2024-12-10T13:42:17.548Z"}
{"level":"warn","message":"This is a warning message.","timestamp":"2024-12-10T13:42:17.550Z"}
{"level":"error","message":"This is an error message.","timestamp":"2024-12-10T13:42:17.551Z"}
{"level":"info","message":"This is an information message.","timestamp":"2024-12-10T13:42:17.551Z"}
{"ip":"192.168.1.1","level":"info","message":"User logged in","timestamp":"2024-12-10T13:42:17.552Z","username":"johndoe"}
{"level":"info","message":"DC Epress is up","timestamp":"2024-12-10T13:42:18.002Z"}
{"level":"info","message":"app is runing: 8888","timestamp":"2024-12-10T13:42:18.002Z"}
{"level":"warn","message":"env: dcommerce_express_dev","timestamp":"2024-12-10T13:42:18.003Z"}
{"level":"info","message":"client_db Connection established","timestamp":"2024-12-10T13:42:18.196Z"}
{"level":"info","message":"Hello, Winston!","timestamp":"2024-12-10T13:42:33.949Z"}
{"level":"warn","message":"This is a warning message.","timestamp":"2024-12-10T13:42:33.952Z"}
{"level":"error","message":"This is an error message.","timestamp":"2024-12-10T13:42:33.952Z"}
{"level":"info","message":"This is an information message.","timestamp":"2024-12-10T13:42:33.953Z"}
{"ip":"192.168.1.1","level":"info","message":"User logged in","timestamp":"2024-12-10T13:42:33.953Z","username":"johndoe"}
{"level":"info","message":"DC Epress is up","timestamp":"2024-12-10T13:42:34.401Z"}
{"level":"info","message":"app is runing: 8888","timestamp":"2024-12-10T13:42:34.402Z"}
{"level":"warn","message":"env: dcommerce_express_dev","timestamp":"2024-12-10T13:42:34.403Z"}
{"level":"info","message":"client_db Connection established","timestamp":"2024-12-10T13:42:34.880Z"}
{"level":"info","message":"Database client is synchronized","timestamp":"2024-12-10T13:42:35.381Z"}
{"level":"info","message":"Hello, Winston!","timestamp":"2024-12-10T13:43:41.099Z"}
{"level":"warn","message":"This is a warning message.","timestamp":"2024-12-10T13:43:41.101Z"}
{"level":"error","message":"This is an error message.","timestamp":"2024-12-10T13:43:41.102Z"}
{"level":"info","message":"This is an information message.","timestamp":"2024-12-10T13:43:41.102Z"}
{"ip":"192.168.1.1","level":"info","message":"User logged in","timestamp":"2024-12-10T13:43:41.103Z","username":"johndoe"}
{"level":"info","message":"DC Epress is up","timestamp":"2024-12-10T13:43:41.561Z"}
{"level":"info","message":"app is runing: 8888","timestamp":"2024-12-10T13:43:41.561Z"}
{"level":"warn","message":"env: dcommerce_express_dev","timestamp":"2024-12-10T13:43:41.562Z"}
{"level":"info","message":"client_db Connection established","timestamp":"2024-12-10T13:43:41.740Z"}
{"level":"info","message":"Database client is synchronized","timestamp":"2024-12-10T13:43:43.807Z"}
{"level":"info","message":"Hello, Winston!","timestamp":"2024-12-10T13:44:55.597Z"}
{"level":"warn","message":"This is a warning message.","timestamp":"2024-12-10T13:44:55.599Z"}
{"level":"error","message":"This is an error message.","timestamp":"2024-12-10T13:44:55.600Z"}
{"level":"info","message":"This is an information message.","timestamp":"2024-12-10T13:44:55.600Z"}
{"ip":"192.168.1.1","level":"info","message":"User logged in","timestamp":"2024-12-10T13:44:55.601Z","username":"johndoe"}
{"level":"info","message":"DC Epress is up","timestamp":"2024-12-10T13:44:56.067Z"}
{"level":"info","message":"app is runing: 8888","timestamp":"2024-12-10T13:44:56.068Z"}
{"level":"warn","message":"env: dcommerce_express_dev","timestamp":"2024-12-10T13:44:56.069Z"}
{"level":"info","message":"client_db Connection established","timestamp":"2024-12-10T13:44:56.376Z"}
{"level":"info","message":"Database client is synchronized","timestamp":"2024-12-10T13:44:58.447Z"}
{"level":"info","message":"Hello, Winston!","timestamp":"2024-12-10T13:45:26.869Z"}
{"level":"warn","message":"This is a warning message.","timestamp":"2024-12-10T13:45:26.872Z"}
{"level":"error","message":"This is an error message.","timestamp":"2024-12-10T13:45:26.872Z"}
{"level":"info","message":"This is an information message.","timestamp":"2024-12-10T13:45:26.872Z"}
{"ip":"192.168.1.1","level":"info","message":"User logged in","timestamp":"2024-12-10T13:45:26.873Z","username":"johndoe"}
{"level":"info","message":"DC Epress is up","timestamp":"2024-12-10T13:45:27.313Z"}
{"level":"info","message":"app is runing: 8888","timestamp":"2024-12-10T13:45:27.314Z"}
{"level":"warn","message":"env: dcommerce_express_dev","timestamp":"2024-12-10T13:45:27.314Z"}
{"level":"info","message":"client_db Connection established","timestamp":"2024-12-10T13:45:27.499Z"}
{"level":"info","message":"Hello, Winston!","timestamp":"2024-12-10T13:46:06.016Z"}
{"level":"warn","message":"This is a warning message.","timestamp":"2024-12-10T13:46:06.018Z"}
{"level":"error","message":"This is an error message.","timestamp":"2024-12-10T13:46:06.018Z"}
{"level":"info","message":"This is an information message.","timestamp":"2024-12-10T13:46:06.019Z"}
{"ip":"192.168.1.1","level":"info","message":"User logged in","timestamp":"2024-12-10T13:46:06.019Z","username":"johndoe"}
{"level":"info","message":"DC Epress is up","timestamp":"2024-12-10T13:46:06.469Z"}
{"level":"info","message":"app is runing: 8888","timestamp":"2024-12-10T13:46:06.469Z"}
{"level":"warn","message":"env: dcommerce_express_dev","timestamp":"2024-12-10T13:46:06.470Z"}
{"level":"info","message":"client_db Connection established","timestamp":"2024-12-10T13:46:06.680Z"}
{"level":"info","message":"Hello, Winston!","timestamp":"2024-12-10T13:49:11.046Z"}
{"level":"warn","message":"This is a warning message.","timestamp":"2024-12-10T13:49:11.048Z"}
{"level":"error","message":"This is an error message.","timestamp":"2024-12-10T13:49:11.049Z"}
{"level":"info","message":"This is an information message.","timestamp":"2024-12-10T13:49:11.049Z"}
{"ip":"192.168.1.1","level":"info","message":"User logged in","timestamp":"2024-12-10T13:49:11.049Z","username":"johndoe"}
{"level":"info","message":"DC Epress is up","timestamp":"2024-12-10T13:49:11.529Z"}
{"level":"info","message":"app is runing: 8888","timestamp":"2024-12-10T13:49:11.530Z"}
{"level":"warn","message":"env: dcommerce_express_dev","timestamp":"2024-12-10T13:49:11.530Z"}
{"level":"info","message":"client_db Connection established","timestamp":"2024-12-10T13:49:11.698Z"}
{"level":"info","message":"Hello, Winston!","timestamp":"2024-12-10T13:50:05.450Z"}
{"level":"warn","message":"This is a warning message.","timestamp":"2024-12-10T13:50:05.452Z"}
{"level":"error","message":"This is an error message.","timestamp":"2024-12-10T13:50:05.453Z"}
{"level":"info","message":"This is an information message.","timestamp":"2024-12-10T13:50:05.453Z"}
{"ip":"192.168.1.1","level":"info","message":"User logged in","timestamp":"2024-12-10T13:50:05.454Z","username":"johndoe"}
{"level":"info","message":"DC Epress is up","timestamp":"2024-12-10T13:50:05.909Z"}
{"level":"info","message":"app is runing: 8888","timestamp":"2024-12-10T13:50:05.910Z"}
{"level":"warn","message":"env: dcommerce_express_dev","timestamp":"2024-12-10T13:50:05.911Z"}
{"level":"info","message":"client_db Connection established","timestamp":"2024-12-10T13:50:06.248Z"}
{"level":"info","message":"Hello, Winston!","timestamp":"2024-12-10T13:50:22.729Z"}
{"level":"warn","message":"This is a warning message.","timestamp":"2024-12-10T13:50:22.731Z"}
{"level":"error","message":"This is an error message.","timestamp":"2024-12-10T13:50:22.732Z"}
{"level":"info","message":"This is an information message.","timestamp":"2024-12-10T13:50:22.732Z"}
{"ip":"192.168.1.1","level":"info","message":"User logged in","timestamp":"2024-12-10T13:50:22.732Z","username":"johndoe"}
{"level":"info","message":"DC Epress is up","timestamp":"2024-12-10T13:50:23.191Z"}
{"level":"info","message":"app is runing: 8888","timestamp":"2024-12-10T13:50:23.192Z"}
{"level":"warn","message":"env: dcommerce_express_dev","timestamp":"2024-12-10T13:50:23.193Z"}
{"level":"info","message":"client_db Connection established","timestamp":"2024-12-10T13:50:23.442Z"}
{"level":"info","message":"Hello, Winston!","timestamp":"2024-12-10T13:50:54.850Z"}
{"level":"warn","message":"This is a warning message.","timestamp":"2024-12-10T13:50:54.853Z"}
{"level":"error","message":"This is an error message.","timestamp":"2024-12-10T13:50:54.854Z"}
{"level":"info","message":"This is an information message.","timestamp":"2024-12-10T13:50:54.854Z"}
{"ip":"192.168.1.1","level":"info","message":"User logged in","timestamp":"2024-12-10T13:50:54.854Z","username":"johndoe"}
{"level":"info","message":"DC Epress is up","timestamp":"2024-12-10T13:50:55.312Z"}
{"level":"info","message":"app is runing: 8888","timestamp":"2024-12-10T13:50:55.313Z"}
{"level":"warn","message":"env: dcommerce_express_dev","timestamp":"2024-12-10T13:50:55.314Z"}
{"level":"info","message":"client_db Connection established","timestamp":"2024-12-10T13:50:55.504Z"}
{"level":"info","message":"Database client is synchronized","timestamp":"2024-12-10T13:50:56.962Z"}
{"level":"info","message":"Hello, Winston!","timestamp":"2024-12-10T14:04:55.303Z"}
{"level":"warn","message":"This is a warning message.","timestamp":"2024-12-10T14:04:55.305Z"}
{"level":"error","message":"This is an error message.","timestamp":"2024-12-10T14:04:55.306Z"}
{"level":"info","message":"This is an information message.","timestamp":"2024-12-10T14:04:55.306Z"}
{"ip":"192.168.1.1","level":"info","message":"User logged in","timestamp":"2024-12-10T14:04:55.307Z","username":"johndoe"}
{"level":"info","message":"DC Epress is up","timestamp":"2024-12-10T14:04:55.772Z"}
{"level":"info","message":"app is runing: 8888","timestamp":"2024-12-10T14:04:55.773Z"}
{"level":"warn","message":"env: dcommerce_express_dev","timestamp":"2024-12-10T14:04:55.773Z"}
{"level":"info","message":"client_db Connection established","timestamp":"2024-12-10T14:04:55.960Z"}
{"level":"info","message":"Database client is synchronized","timestamp":"2024-12-10T14:04:56.500Z"}
{"level":"info","message":"Hello, Winston!","timestamp":"2024-12-10T14:05:59.612Z"}
{"level":"warn","message":"This is a warning message.","timestamp":"2024-12-10T14:05:59.614Z"}
{"level":"error","message":"This is an error message.","timestamp":"2024-12-10T14:05:59.614Z"}
{"level":"info","message":"This is an information message.","timestamp":"2024-12-10T14:05:59.615Z"}
{"ip":"192.168.1.1","level":"info","message":"User logged in","timestamp":"2024-12-10T14:05:59.615Z","username":"johndoe"}
{"level":"info","message":"DC Epress is up","timestamp":"2024-12-10T14:06:00.091Z"}
{"level":"info","message":"app is runing: 8888","timestamp":"2024-12-10T14:06:00.091Z"}
{"level":"warn","message":"env: dcommerce_express_dev","timestamp":"2024-12-10T14:06:00.092Z"}
{"level":"info","message":"client_db Connection established","timestamp":"2024-12-10T14:06:00.269Z"}
{"level":"info","message":"Database client is synchronized","timestamp":"2024-12-10T14:06:02.308Z"}
{"level":"info","message":"Hello, Winston!","timestamp":"2024-12-10T14:06:18.894Z"}
{"level":"warn","message":"This is a warning message.","timestamp":"2024-12-10T14:06:18.896Z"}
{"level":"error","message":"This is an error message.","timestamp":"2024-12-10T14:06:18.896Z"}
{"level":"info","message":"This is an information message.","timestamp":"2024-12-10T14:06:18.897Z"}
{"ip":"192.168.1.1","level":"info","message":"User logged in","timestamp":"2024-12-10T14:06:18.897Z","username":"johndoe"}
{"level":"info","message":"DC Epress is up","timestamp":"2024-12-10T14:06:19.332Z"}
{"level":"info","message":"app is runing: 8888","timestamp":"2024-12-10T14:06:19.333Z"}
{"level":"warn","message":"env: dcommerce_express_dev","timestamp":"2024-12-10T14:06:19.334Z"}
{"level":"info","message":"client_db Connection established","timestamp":"2024-12-10T14:06:19.511Z"}
{"level":"info","message":"Database client is synchronized","timestamp":"2024-12-10T14:06:20.018Z"}
{"level":"info","message":"Hello, Winston!","timestamp":"2024-12-10T14:17:11.954Z"}
{"level":"warn","message":"This is a warning message.","timestamp":"2024-12-10T14:17:11.956Z"}
{"level":"error","message":"This is an error message.","timestamp":"2024-12-10T14:17:11.957Z"}
{"level":"info","message":"This is an information message.","timestamp":"2024-12-10T14:17:11.957Z"}
{"ip":"192.168.1.1","level":"info","message":"User logged in","timestamp":"2024-12-10T14:17:11.958Z","username":"johndoe"}
{"level":"info","message":"DC Epress is up","timestamp":"2024-12-10T14:17:12.420Z"}
{"level":"info","message":"app is runing: 8888","timestamp":"2024-12-10T14:17:12.421Z"}
{"level":"warn","message":"env: dcommerce_express_dev","timestamp":"2024-12-10T14:17:12.422Z"}
{"level":"info","message":"client_db Connection established","timestamp":"2024-12-10T14:17:12.604Z"}
{"level":"info","message":"Database client is synchronized","timestamp":"2024-12-10T14:17:14.928Z"}
{"level":"info","message":"Hello, Winston!","timestamp":"2024-12-10T14:17:54.169Z"}
{"level":"warn","message":"This is a warning message.","timestamp":"2024-12-10T14:17:54.171Z"}
{"level":"error","message":"This is an error message.","timestamp":"2024-12-10T14:17:54.171Z"}
{"level":"info","message":"This is an information message.","timestamp":"2024-12-10T14:17:54.172Z"}
{"ip":"192.168.1.1","level":"info","message":"User logged in","timestamp":"2024-12-10T14:17:54.172Z","username":"johndoe"}
{"level":"info","message":"DC Epress is up","timestamp":"2024-12-10T14:17:54.609Z"}
{"level":"info","message":"app is runing: 8888","timestamp":"2024-12-10T14:17:54.610Z"}
{"level":"warn","message":"env: dcommerce_express_dev","timestamp":"2024-12-10T14:17:54.610Z"}
{"level":"info","message":"client_db Connection established","timestamp":"2024-12-10T14:17:54.796Z"}
{"level":"info","message":"Hello, Winston!","timestamp":"2024-12-10T14:18:45.181Z"}
{"level":"warn","message":"This is a warning message.","timestamp":"2024-12-10T14:18:45.183Z"}
{"level":"error","message":"This is an error message.","timestamp":"2024-12-10T14:18:45.184Z"}
{"level":"info","message":"This is an information message.","timestamp":"2024-12-10T14:18:45.184Z"}
{"ip":"192.168.1.1","level":"info","message":"User logged in","timestamp":"2024-12-10T14:18:45.185Z","username":"johndoe"}
{"level":"info","message":"DC Epress is up","timestamp":"2024-12-10T14:18:45.634Z"}
{"level":"info","message":"app is runing: 8888","timestamp":"2024-12-10T14:18:45.634Z"}
{"level":"warn","message":"env: dcommerce_express_dev","timestamp":"2024-12-10T14:18:45.635Z"}
{"level":"info","message":"client_db Connection established","timestamp":"2024-12-10T14:18:45.831Z"}
{"level":"info","message":"Database client is synchronized","timestamp":"2024-12-10T14:18:46.861Z"}
{"level":"info","message":"Hello, Winston!","timestamp":"2024-12-10T14:25:11.561Z"}
{"level":"warn","message":"This is a warning message.","timestamp":"2024-12-10T14:25:11.563Z"}
{"level":"error","message":"This is an error message.","timestamp":"2024-12-10T14:25:11.563Z"}
{"level":"info","message":"This is an information message.","timestamp":"2024-12-10T14:25:11.564Z"}
{"ip":"192.168.1.1","level":"info","message":"User logged in","timestamp":"2024-12-10T14:25:11.564Z","username":"johndoe"}
{"level":"info","message":"DC Epress is up","timestamp":"2024-12-10T14:25:12.065Z"}
{"level":"info","message":"app is runing: 8888","timestamp":"2024-12-10T14:25:12.066Z"}
{"level":"warn","message":"env: dcommerce_express_dev","timestamp":"2024-12-10T14:25:12.066Z"}
{"level":"info","message":"client_db Connection established","timestamp":"2024-12-10T14:25:12.264Z"}
{"level":"info","message":"Database client is synchronized","timestamp":"2024-12-10T14:25:14.280Z"}
{"level":"info","message":"Hello, Winston!","timestamp":"2024-12-10T14:26:33.033Z"}
{"level":"warn","message":"This is a warning message.","timestamp":"2024-12-10T14:26:33.035Z"}
{"level":"error","message":"This is an error message.","timestamp":"2024-12-10T14:26:33.036Z"}
{"level":"info","message":"This is an information message.","timestamp":"2024-12-10T14:26:33.036Z"}
{"ip":"192.168.1.1","level":"info","message":"User logged in","timestamp":"2024-12-10T14:26:33.036Z","username":"johndoe"}
{"level":"info","message":"DC Epress is up","timestamp":"2024-12-10T14:26:33.495Z"}
{"level":"info","message":"app is runing: 8888","timestamp":"2024-12-10T14:26:33.496Z"}
{"level":"warn","message":"env: dcommerce_express_dev","timestamp":"2024-12-10T14:26:33.497Z"}
{"level":"info","message":"client_db Connection established","timestamp":"2024-12-10T14:26:33.674Z"}
{"level":"info","message":"Database client is synchronized","timestamp":"2024-12-10T14:26:35.715Z"}
{"level":"info","message":"Hello, Winston!","timestamp":"2024-12-10T14:27:31.538Z"}
{"level":"warn","message":"This is a warning message.","timestamp":"2024-12-10T14:27:31.540Z"}
{"level":"error","message":"This is an error message.","timestamp":"2024-12-10T14:27:31.541Z"}
{"level":"info","message":"This is an information message.","timestamp":"2024-12-10T14:27:31.541Z"}
{"ip":"192.168.1.1","level":"info","message":"User logged in","timestamp":"2024-12-10T14:27:31.542Z","username":"johndoe"}
{"level":"info","message":"DC Epress is up","timestamp":"2024-12-10T14:27:31.995Z"}
{"level":"info","message":"app is runing: 8888","timestamp":"2024-12-10T14:27:31.995Z"}
{"level":"warn","message":"env: dcommerce_express_dev","timestamp":"2024-12-10T14:27:31.996Z"}
{"level":"info","message":"client_db Connection established","timestamp":"2024-12-10T14:27:32.205Z"}
{"level":"info","message":"Database client is synchronized","timestamp":"2024-12-10T14:27:34.593Z"}
{"level":"info","message":"Hello, Winston!","timestamp":"2024-12-10T14:28:06.414Z"}
{"level":"warn","message":"This is a warning message.","timestamp":"2024-12-10T14:28:06.416Z"}
{"level":"error","message":"This is an error message.","timestamp":"2024-12-10T14:28:06.416Z"}
{"level":"info","message":"This is an information message.","timestamp":"2024-12-10T14:28:06.417Z"}
{"ip":"192.168.1.1","level":"info","message":"User logged in","timestamp":"2024-12-10T14:28:06.417Z","username":"johndoe"}
{"level":"info","message":"DC Epress is up","timestamp":"2024-12-10T14:28:06.856Z"}
{"level":"info","message":"app is runing: 8888","timestamp":"2024-12-10T14:28:06.856Z"}
{"level":"warn","message":"env: dcommerce_express_dev","timestamp":"2024-12-10T14:28:06.857Z"}
{"level":"info","message":"client_db Connection established","timestamp":"2024-12-10T14:28:07.055Z"}
{"level":"info","message":"Database client is synchronized","timestamp":"2024-12-10T14:28:09.167Z"}
{"level":"info","message":"Hello, Winston!","timestamp":"2024-12-10T14:29:11.539Z"}
{"level":"warn","message":"This is a warning message.","timestamp":"2024-12-10T14:29:11.542Z"}
{"level":"error","message":"This is an error message.","timestamp":"2024-12-10T14:29:11.542Z"}
{"level":"info","message":"This is an information message.","timestamp":"2024-12-10T14:29:11.543Z"}
{"ip":"192.168.1.1","level":"info","message":"User logged in","timestamp":"2024-12-10T14:29:11.543Z","username":"johndoe"}
{"level":"info","message":"DC Epress is up","timestamp":"2024-12-10T14:29:12.005Z"}
{"level":"info","message":"app is runing: 8888","timestamp":"2024-12-10T14:29:12.006Z"}
{"level":"warn","message":"env: dcommerce_express_dev","timestamp":"2024-12-10T14:29:12.006Z"}
{"level":"info","message":"client_db Connection established","timestamp":"2024-12-10T14:29:12.200Z"}
{"level":"info","message":"Database client is synchronized","timestamp":"2024-12-10T14:29:14.760Z"}
{"level":"info","message":"Hello, Winston!","timestamp":"2024-12-10T14:30:52.037Z"}
{"level":"warn","message":"This is a warning message.","timestamp":"2024-12-10T14:30:52.039Z"}
{"level":"error","message":"This is an error message.","timestamp":"2024-12-10T14:30:52.040Z"}
{"level":"info","message":"This is an information message.","timestamp":"2024-12-10T14:30:52.041Z"}
{"ip":"192.168.1.1","level":"info","message":"User logged in","timestamp":"2024-12-10T14:30:52.047Z","username":"johndoe"}
{"level":"info","message":"DC Epress is up","timestamp":"2024-12-10T14:30:52.541Z"}
{"level":"info","message":"app is runing: 8888","timestamp":"2024-12-10T14:30:52.542Z"}
{"level":"warn","message":"env: dcommerce_express_dev","timestamp":"2024-12-10T14:30:52.543Z"}
{"level":"info","message":"client_db Connection established","timestamp":"2024-12-10T14:30:52.726Z"}
{"level":"info","message":"Hello, Winston!","timestamp":"2024-12-10T14:31:13.397Z"}
{"level":"warn","message":"This is a warning message.","timestamp":"2024-12-10T14:31:13.399Z"}
{"level":"error","message":"This is an error message.","timestamp":"2024-12-10T14:31:13.400Z"}
{"level":"info","message":"This is an information message.","timestamp":"2024-12-10T14:31:13.400Z"}
{"ip":"192.168.1.1","level":"info","message":"User logged in","timestamp":"2024-12-10T14:31:13.401Z","username":"johndoe"}
{"level":"info","message":"DC Epress is up","timestamp":"2024-12-10T14:31:13.835Z"}
{"level":"info","message":"app is runing: 8888","timestamp":"2024-12-10T14:31:13.836Z"}
{"level":"warn","message":"env: dcommerce_express_dev","timestamp":"2024-12-10T14:31:13.837Z"}
{"level":"info","message":"client_db Connection established","timestamp":"2024-12-10T14:31:14.028Z"}
{"level":"info","message":"Database client is synchronized","timestamp":"2024-12-10T14:31:14.575Z"}
{"level":"info","message":"Hello, Winston!","timestamp":"2024-12-10T23:43:46.778Z"}
{"level":"warn","message":"This is a warning message.","timestamp":"2024-12-10T23:43:46.780Z"}
{"level":"error","message":"This is an error message.","timestamp":"2024-12-10T23:43:46.781Z"}
{"level":"info","message":"This is an information message.","timestamp":"2024-12-10T23:43:46.781Z"}
{"ip":"192.168.1.1","level":"info","message":"User logged in","timestamp":"2024-12-10T23:43:46.781Z","username":"johndoe"}
{"level":"info","message":"DC Epress is up","timestamp":"2024-12-10T23:43:47.340Z"}
{"level":"info","message":"app is runing: 8888","timestamp":"2024-12-10T23:43:47.341Z"}
{"level":"warn","message":"env: dcommerce_express_dev","timestamp":"2024-12-10T23:43:47.342Z"}
{"level":"info","message":"client_db Connection established","timestamp":"2024-12-10T23:43:47.528Z"}
{"level":"info","message":"Hello, Winston!","timestamp":"2024-12-10T23:44:40.804Z"}
{"level":"warn","message":"This is a warning message.","timestamp":"2024-12-10T23:44:40.806Z"}
{"level":"error","message":"This is an error message.","timestamp":"2024-12-10T23:44:40.807Z"}
{"level":"info","message":"This is an information message.","timestamp":"2024-12-10T23:44:40.807Z"}
{"ip":"192.168.1.1","level":"info","message":"User logged in","timestamp":"2024-12-10T23:44:40.808Z","username":"johndoe"}
{"level":"info","message":"DC Epress is up","timestamp":"2024-12-10T23:44:41.245Z"}
{"level":"info","message":"app is runing: 8888","timestamp":"2024-12-10T23:44:41.246Z"}
{"level":"warn","message":"env: dcommerce_express_dev","timestamp":"2024-12-10T23:44:41.247Z"}
{"level":"info","message":"client_db Connection established","timestamp":"2024-12-10T23:44:41.463Z"}
{"level":"info","message":"Database client is synchronized","timestamp":"2024-12-10T23:44:42.053Z"}
{"level":"info","message":"Hello, Winston!","timestamp":"2024-12-10T23:50:31.824Z"}
{"level":"warn","message":"This is a warning message.","timestamp":"2024-12-10T23:50:31.826Z"}
{"level":"error","message":"This is an error message.","timestamp":"2024-12-10T23:50:31.827Z"}
{"level":"info","message":"This is an information message.","timestamp":"2024-12-10T23:50:31.827Z"}
{"ip":"192.168.1.1","level":"info","message":"User logged in","timestamp":"2024-12-10T23:50:31.828Z","username":"johndoe"}
{"level":"info","message":"DC Epress is up","timestamp":"2024-12-10T23:50:32.351Z"}
{"level":"info","message":"app is runing: 8888","timestamp":"2024-12-10T23:50:32.351Z"}
{"level":"warn","message":"env: dcommerce_express_dev","timestamp":"2024-12-10T23:50:32.352Z"}
{"level":"info","message":"client_db Connection established","timestamp":"2024-12-10T23:50:33.068Z"}
{"level":"info","message":"Hello, Winston!","timestamp":"2024-12-10T23:50:33.414Z"}
{"level":"warn","message":"This is a warning message.","timestamp":"2024-12-10T23:50:33.416Z"}
{"level":"error","message":"This is an error message.","timestamp":"2024-12-10T23:50:33.416Z"}
{"level":"info","message":"This is an information message.","timestamp":"2024-12-10T23:50:33.417Z"}
{"ip":"192.168.1.1","level":"info","message":"User logged in","timestamp":"2024-12-10T23:50:33.417Z","username":"johndoe"}
{"level":"info","message":"DC Epress is up","timestamp":"2024-12-10T23:50:33.757Z"}
{"level":"info","message":"app is runing: 8888","timestamp":"2024-12-10T23:50:33.758Z"}
{"level":"warn","message":"env: dcommerce_express_dev","timestamp":"2024-12-10T23:50:33.758Z"}
{"level":"info","message":"client_db Connection established","timestamp":"2024-12-10T23:50:33.977Z"}
{"level":"info","message":"Database client is synchronized","timestamp":"2024-12-10T23:50:36.225Z"}
{"level":"info","message":"Hello, Winston!","timestamp":"2024-12-10T23:52:57.496Z"}
{"level":"warn","message":"This is a warning message.","timestamp":"2024-12-10T23:52:57.499Z"}
{"level":"error","message":"This is an error message.","timestamp":"2024-12-10T23:52:57.499Z"}
{"level":"info","message":"This is an information message.","timestamp":"2024-12-10T23:52:57.500Z"}
{"ip":"192.168.1.1","level":"info","message":"User logged in","timestamp":"2024-12-10T23:52:57.500Z","username":"johndoe"}
{"level":"info","message":"DC Epress is up","timestamp":"2024-12-10T23:52:57.975Z"}
{"level":"info","message":"app is runing: 8888","timestamp":"2024-12-10T23:52:57.976Z"}
{"level":"warn","message":"env: dcommerce_express_dev","timestamp":"2024-12-10T23:52:57.976Z"}
{"level":"info","message":"client_db Connection established","timestamp":"2024-12-10T23:52:58.164Z"}
{"level":"info","message":"Database client is synchronized","timestamp":"2024-12-10T23:53:00.326Z"}
{"level":"info","message":"Hello, Winston!","timestamp":"2024-12-10T23:53:11.267Z"}
{"level":"warn","message":"This is a warning message.","timestamp":"2024-12-10T23:53:11.269Z"}
{"level":"error","message":"This is an error message.","timestamp":"2024-12-10T23:53:11.270Z"}
{"level":"info","message":"This is an information message.","timestamp":"2024-12-10T23:53:11.270Z"}
{"ip":"192.168.1.1","level":"info","message":"User logged in","timestamp":"2024-12-10T23:53:11.271Z","username":"johndoe"}
{"level":"info","message":"DC Epress is up","timestamp":"2024-12-10T23:53:11.724Z"}
{"level":"info","message":"app is runing: 8888","timestamp":"2024-12-10T23:53:11.725Z"}
{"level":"warn","message":"env: dcommerce_express_dev","timestamp":"2024-12-10T23:53:11.726Z"}
{"level":"info","message":"client_db Connection established","timestamp":"2024-12-10T23:53:11.925Z"}
{"level":"info","message":"Database client is synchronized","timestamp":"2024-12-10T23:53:13.974Z"}
{"level":"info","message":"Hello, Winston!","timestamp":"2024-12-10T23:53:31.963Z"}
{"level":"warn","message":"This is a warning message.","timestamp":"2024-12-10T23:53:31.965Z"}
{"level":"error","message":"This is an error message.","timestamp":"2024-12-10T23:53:31.966Z"}
{"level":"info","message":"This is an information message.","timestamp":"2024-12-10T23:53:31.966Z"}
{"ip":"192.168.1.1","level":"info","message":"User logged in","timestamp":"2024-12-10T23:53:31.967Z","username":"johndoe"}
{"level":"info","message":"DC Epress is up","timestamp":"2024-12-10T23:53:32.440Z"}
{"level":"info","message":"app is runing: 8888","timestamp":"2024-12-10T23:53:32.441Z"}
{"level":"warn","message":"env: dcommerce_express_dev","timestamp":"2024-12-10T23:53:32.442Z"}
{"level":"info","message":"client_db Connection established","timestamp":"2024-12-10T23:53:32.637Z"}
{"level":"info","message":"Database client is synchronized","timestamp":"2024-12-10T23:53:35.177Z"}
{"level":"info","message":"Hello, Winston!","timestamp":"2024-12-10T23:53:44.052Z"}
{"level":"warn","message":"This is a warning message.","timestamp":"2024-12-10T23:53:44.055Z"}
{"level":"error","message":"This is an error message.","timestamp":"2024-12-10T23:53:44.055Z"}
{"level":"info","message":"This is an information message.","timestamp":"2024-12-10T23:53:44.056Z"}
{"ip":"192.168.1.1","level":"info","message":"User logged in","timestamp":"2024-12-10T23:53:44.056Z","username":"johndoe"}
{"level":"info","message":"DC Epress is up","timestamp":"2024-12-10T23:53:44.540Z"}
{"level":"info","message":"app is runing: 8888","timestamp":"2024-12-10T23:53:44.541Z"}
{"level":"warn","message":"env: dcommerce_express_dev","timestamp":"2024-12-10T23:53:44.542Z"}
{"level":"info","message":"client_db Connection established","timestamp":"2024-12-10T23:53:44.726Z"}
{"level":"info","message":"Database client is synchronized","timestamp":"2024-12-10T23:53:46.765Z"}
{"level":"info","message":"Hello, Winston!","timestamp":"2024-12-10T23:54:09.645Z"}
{"level":"warn","message":"This is a warning message.","timestamp":"2024-12-10T23:54:09.647Z"}
{"level":"error","message":"This is an error message.","timestamp":"2024-12-10T23:54:09.648Z"}
{"level":"info","message":"This is an information message.","timestamp":"2024-12-10T23:54:09.648Z"}
{"ip":"192.168.1.1","level":"info","message":"User logged in","timestamp":"2024-12-10T23:54:09.648Z","username":"johndoe"}
{"level":"info","message":"DC Epress is up","timestamp":"2024-12-10T23:54:10.075Z"}
{"level":"info","message":"app is runing: 8888","timestamp":"2024-12-10T23:54:10.076Z"}
{"level":"warn","message":"env: dcommerce_express_dev","timestamp":"2024-12-10T23:54:10.076Z"}
{"level":"info","message":"client_db Connection established","timestamp":"2024-12-10T23:54:10.301Z"}
{"level":"info","message":"Database client is synchronized","timestamp":"2024-12-10T23:54:12.359Z"}
{"level":"info","message":"Hello, Winston!","timestamp":"2024-12-11T00:01:08.555Z"}
{"level":"warn","message":"This is a warning message.","timestamp":"2024-12-11T00:01:08.558Z"}
{"level":"error","message":"This is an error message.","timestamp":"2024-12-11T00:01:08.558Z"}
{"level":"info","message":"This is an information message.","timestamp":"2024-12-11T00:01:08.559Z"}
{"ip":"192.168.1.1","level":"info","message":"User logged in","timestamp":"2024-12-11T00:01:08.559Z","username":"johndoe"}
{"level":"info","message":"DC Epress is up","timestamp":"2024-12-11T00:01:09.041Z"}
{"level":"info","message":"app is runing: 8888","timestamp":"2024-12-11T00:01:09.042Z"}
{"level":"warn","message":"env: dcommerce_express_dev","timestamp":"2024-12-11T00:01:09.042Z"}
{"level":"info","message":"client_db Connection established","timestamp":"2024-12-11T00:01:09.278Z"}
{"level":"info","message":"Hello, Winston!","timestamp":"2024-12-11T00:01:32.173Z"}
{"level":"warn","message":"This is a warning message.","timestamp":"2024-12-11T00:01:32.175Z"}
{"level":"error","message":"This is an error message.","timestamp":"2024-12-11T00:01:32.176Z"}
{"level":"info","message":"This is an information message.","timestamp":"2024-12-11T00:01:32.176Z"}
{"ip":"192.168.1.1","level":"info","message":"User logged in","timestamp":"2024-12-11T00:01:32.177Z","username":"johndoe"}
{"level":"info","message":"DC Epress is up","timestamp":"2024-12-11T00:01:32.634Z"}
{"level":"info","message":"app is runing: 8888","timestamp":"2024-12-11T00:01:32.634Z"}
{"level":"warn","message":"env: dcommerce_express_dev","timestamp":"2024-12-11T00:01:32.635Z"}
{"level":"info","message":"client_db Connection established","timestamp":"2024-12-11T00:01:32.818Z"}
{"level":"info","message":"Database client is synchronized","timestamp":"2024-12-11T00:01:35.396Z"}
{"level":"info","message":"Hello, Winston!","timestamp":"2024-12-11T23:35:58.771Z"}
{"level":"warn","message":"This is a warning message.","timestamp":"2024-12-11T23:35:58.773Z"}
{"level":"error","message":"This is an error message.","timestamp":"2024-12-11T23:35:58.774Z"}
{"level":"info","message":"This is an information message.","timestamp":"2024-12-11T23:35:58.774Z"}
{"ip":"192.168.1.1","level":"info","message":"User logged in","timestamp":"2024-12-11T23:35:58.775Z","username":"johndoe"}
{"level":"info","message":"DC Epress is up","timestamp":"2024-12-11T23:35:59.362Z"}
{"level":"info","message":"app is runing: 8888","timestamp":"2024-12-11T23:35:59.363Z"}
{"level":"warn","message":"env: dcommerce_express_dev","timestamp":"2024-12-11T23:35:59.364Z"}
{"level":"info","message":"client_db Connection established","timestamp":"2024-12-11T23:35:59.550Z"}
{"level":"info","message":"Database client is synchronized","timestamp":"2024-12-11T23:36:01.664Z"}
{"level":"info","message":"Hello, Winston!","timestamp":"2024-12-11T23:41:33.230Z"}
{"level":"warn","message":"This is a warning message.","timestamp":"2024-12-11T23:41:33.232Z"}
{"level":"error","message":"This is an error message.","timestamp":"2024-12-11T23:41:33.233Z"}
{"level":"info","message":"This is an information message.","timestamp":"2024-12-11T23:41:33.233Z"}
{"ip":"192.168.1.1","level":"info","message":"User logged in","timestamp":"2024-12-11T23:41:33.234Z","username":"johndoe"}
{"level":"info","message":"DC Epress is up","timestamp":"2024-12-11T23:41:33.727Z"}
{"level":"info","message":"app is runing: 8888","timestamp":"2024-12-11T23:41:33.728Z"}
{"level":"warn","message":"env: dcommerce_express_dev","timestamp":"2024-12-11T23:41:33.729Z"}
{"level":"info","message":"client_db Connection established","timestamp":"2024-12-11T23:41:34.267Z"}
{"level":"info","message":"Database client is synchronized","timestamp":"2024-12-11T23:41:36.425Z"}
{"level":"info","message":"Hello, Winston!","timestamp":"2024-12-11T23:41:45.126Z"}
{"level":"warn","message":"This is a warning message.","timestamp":"2024-12-11T23:41:45.128Z"}
{"level":"error","message":"This is an error message.","timestamp":"2024-12-11T23:41:45.129Z"}
{"level":"info","message":"This is an information message.","timestamp":"2024-12-11T23:41:45.129Z"}
{"ip":"192.168.1.1","level":"info","message":"User logged in","timestamp":"2024-12-11T23:41:45.130Z","username":"johndoe"}
{"level":"info","message":"DC Epress is up","timestamp":"2024-12-11T23:41:45.586Z"}
{"level":"info","message":"app is runing: 8888","timestamp":"2024-12-11T23:41:45.587Z"}
{"level":"warn","message":"env: dcommerce_express_dev","timestamp":"2024-12-11T23:41:45.588Z"}
{"level":"info","message":"client_db Connection established","timestamp":"2024-12-11T23:41:45.778Z"}
{"level":"info","message":"Database client is synchronized","timestamp":"2024-12-11T23:41:48.304Z"}
{"level":"info","message":"Hello, Winston!","timestamp":"2024-12-11T23:43:38.350Z"}
{"level":"warn","message":"This is a warning message.","timestamp":"2024-12-11T23:43:38.353Z"}
{"level":"error","message":"This is an error message.","timestamp":"2024-12-11T23:43:38.353Z"}
{"level":"info","message":"This is an information message.","timestamp":"2024-12-11T23:43:38.354Z"}
{"ip":"192.168.1.1","level":"info","message":"User logged in","timestamp":"2024-12-11T23:43:38.354Z","username":"johndoe"}
{"level":"info","message":"DC Epress is up","timestamp":"2024-12-11T23:43:38.881Z"}
{"level":"info","message":"app is runing: 8888","timestamp":"2024-12-11T23:43:38.882Z"}
{"level":"warn","message":"env: dcommerce_express_dev","timestamp":"2024-12-11T23:43:38.883Z"}
{"level":"info","message":"client_db Connection established","timestamp":"2024-12-11T23:43:39.061Z"}
{"level":"info","message":"Database client is synchronized","timestamp":"2024-12-11T23:43:41.093Z"}
{"level":"info","message":"Hello, Winston!","timestamp":"2024-12-11T23:46:40.836Z"}
{"level":"warn","message":"This is a warning message.","timestamp":"2024-12-11T23:46:40.839Z"}
{"level":"error","message":"This is an error message.","timestamp":"2024-12-11T23:46:40.839Z"}
{"level":"info","message":"This is an information message.","timestamp":"2024-12-11T23:46:40.840Z"}
{"ip":"192.168.1.1","level":"info","message":"User logged in","timestamp":"2024-12-11T23:46:40.840Z","username":"johndoe"}
{"level":"info","message":"DC Epress is up","timestamp":"2024-12-11T23:46:41.478Z"}
{"level":"info","message":"app is runing: 8888","timestamp":"2024-12-11T23:46:41.479Z"}
{"level":"warn","message":"env: dcommerce_express_dev","timestamp":"2024-12-11T23:46:41.480Z"}
{"level":"info","message":"client_db Connection established","timestamp":"2024-12-11T23:46:41.658Z"}
{"level":"info","message":"Hello, Winston!","timestamp":"2024-12-11T23:46:42.324Z"}
{"level":"warn","message":"This is a warning message.","timestamp":"2024-12-11T23:46:42.326Z"}
{"level":"error","message":"This is an error message.","timestamp":"2024-12-11T23:46:42.327Z"}
{"level":"info","message":"This is an information message.","timestamp":"2024-12-11T23:46:42.327Z"}
{"ip":"192.168.1.1","level":"info","message":"User logged in","timestamp":"2024-12-11T23:46:42.327Z","username":"johndoe"}
{"level":"info","message":"DC Epress is up","timestamp":"2024-12-11T23:46:42.708Z"}
{"level":"info","message":"app is runing: 8888","timestamp":"2024-12-11T23:46:42.710Z"}
{"level":"warn","message":"env: dcommerce_express_dev","timestamp":"2024-12-11T23:46:42.711Z"}
{"level":"info","message":"client_db Connection established","timestamp":"2024-12-11T23:46:42.937Z"}
{"level":"info","message":"Database client is synchronized","timestamp":"2024-12-11T23:46:45.122Z"}
{"level":"info","message":"Hello, Winston!","timestamp":"2024-12-11T23:50:39.378Z"}
{"level":"warn","message":"This is a warning message.","timestamp":"2024-12-11T23:50:39.380Z"}
{"level":"error","message":"This is an error message.","timestamp":"2024-12-11T23:50:39.380Z"}
{"level":"info","message":"This is an information message.","timestamp":"2024-12-11T23:50:39.381Z"}
{"ip":"192.168.1.1","level":"info","message":"User logged in","timestamp":"2024-12-11T23:50:39.381Z","username":"johndoe"}
{"level":"info","message":"DC Epress is up","timestamp":"2024-12-11T23:50:39.897Z"}
{"level":"info","message":"app is runing: 8888","timestamp":"2024-12-11T23:50:39.898Z"}
{"level":"warn","message":"env: dcommerce_express_dev","timestamp":"2024-12-11T23:50:39.898Z"}
{"level":"info","message":"client_db Connection established","timestamp":"2024-12-11T23:50:40.075Z"}
{"level":"info","message":"Database client is synchronized","timestamp":"2024-12-11T23:50:42.335Z"}
{"level":"info","message":"Hello, Winston!","timestamp":"2024-12-11T23:51:04.099Z"}
{"level":"warn","message":"This is a warning message.","timestamp":"2024-12-11T23:51:04.101Z"}
{"level":"error","message":"This is an error message.","timestamp":"2024-12-11T23:51:04.102Z"}
{"level":"info","message":"This is an information message.","timestamp":"2024-12-11T23:51:04.102Z"}
{"ip":"192.168.1.1","level":"info","message":"User logged in","timestamp":"2024-12-11T23:51:04.103Z","username":"johndoe"}
{"level":"info","message":"DC Epress is up","timestamp":"2024-12-11T23:51:04.569Z"}
{"level":"info","message":"app is runing: 8888","timestamp":"2024-12-11T23:51:04.570Z"}
{"level":"warn","message":"env: dcommerce_express_dev","timestamp":"2024-12-11T23:51:04.570Z"}
{"level":"info","message":"client_db Connection established","timestamp":"2024-12-11T23:51:04.757Z"}
{"level":"info","message":"Database client is synchronized","timestamp":"2024-12-11T23:51:07.015Z"}
{"level":"info","message":"Hello, Winston!","timestamp":"2024-12-11T23:53:46.873Z"}
{"level":"warn","message":"This is a warning message.","timestamp":"2024-12-11T23:53:46.875Z"}
{"level":"error","message":"This is an error message.","timestamp":"2024-12-11T23:53:46.876Z"}
{"level":"info","message":"This is an information message.","timestamp":"2024-12-11T23:53:46.876Z"}
{"ip":"192.168.1.1","level":"info","message":"User logged in","timestamp":"2024-12-11T23:53:46.877Z","username":"johndoe"}
{"level":"info","message":"DC Epress is up","timestamp":"2024-12-11T23:53:47.351Z"}
{"level":"info","message":"app is runing: 8888","timestamp":"2024-12-11T23:53:47.352Z"}
{"level":"warn","message":"env: dcommerce_express_dev","timestamp":"2024-12-11T23:53:47.353Z"}
{"level":"info","message":"client_db Connection established","timestamp":"2024-12-11T23:53:47.548Z"}
{"level":"info","message":"Database client is synchronized","timestamp":"2024-12-11T23:53:49.930Z"}
{"level":"info","message":"Hello, Winston!","timestamp":"2024-12-11T23:55:03.489Z"}
{"level":"warn","message":"This is a warning message.","timestamp":"2024-12-11T23:55:03.492Z"}
{"level":"error","message":"This is an error message.","timestamp":"2024-12-11T23:55:03.492Z"}
{"level":"info","message":"This is an information message.","timestamp":"2024-12-11T23:55:03.493Z"}
{"ip":"192.168.1.1","level":"info","message":"User logged in","timestamp":"2024-12-11T23:55:03.493Z","username":"johndoe"}
{"level":"info","message":"DC Epress is up","timestamp":"2024-12-11T23:55:03.988Z"}
{"level":"info","message":"app is runing: 8888","timestamp":"2024-12-11T23:55:03.989Z"}
{"level":"warn","message":"env: dcommerce_express_dev","timestamp":"2024-12-11T23:55:03.990Z"}
{"level":"info","message":"client_db Connection established","timestamp":"2024-12-11T23:55:04.173Z"}
{"level":"info","message":"Database client is synchronized","timestamp":"2024-12-11T23:55:06.878Z"}
{"level":"info","message":"Hello, Winston!","timestamp":"2024-12-11T23:56:59.947Z"}
{"level":"warn","message":"This is a warning message.","timestamp":"2024-12-11T23:56:59.950Z"}
{"level":"error","message":"This is an error message.","timestamp":"2024-12-11T23:56:59.951Z"}
{"level":"info","message":"This is an information message.","timestamp":"2024-12-11T23:56:59.951Z"}
{"ip":"192.168.1.1","level":"info","message":"User logged in","timestamp":"2024-12-11T23:56:59.952Z","username":"johndoe"}
{"level":"info","message":"DC Epress is up","timestamp":"2024-12-11T23:57:00.435Z"}
{"level":"info","message":"app is runing: 8888","timestamp":"2024-12-11T23:57:00.436Z"}
{"level":"warn","message":"env: dcommerce_express_dev","timestamp":"2024-12-11T23:57:00.436Z"}
{"level":"info","message":"client_db Connection established","timestamp":"2024-12-11T23:57:00.653Z"}
{"level":"info","message":"Database client is synchronized","timestamp":"2024-12-11T23:57:03.413Z"}
{"level":"info","message":"Hello, Winston!","timestamp":"2024-12-11T23:58:28.690Z"}
{"level":"warn","message":"This is a warning message.","timestamp":"2024-12-11T23:58:28.692Z"}
{"level":"error","message":"This is an error message.","timestamp":"2024-12-11T23:58:28.693Z"}
{"level":"info","message":"This is an information message.","timestamp":"2024-12-11T23:58:28.693Z"}
{"ip":"192.168.1.1","level":"info","message":"User logged in","timestamp":"2024-12-11T23:58:28.694Z","username":"johndoe"}
{"level":"info","message":"DC Epress is up","timestamp":"2024-12-11T23:58:29.343Z"}
{"level":"info","message":"app is runing: 8888","timestamp":"2024-12-11T23:58:29.344Z"}
{"level":"warn","message":"env: dcommerce_express_dev","timestamp":"2024-12-11T23:58:29.345Z"}
{"level":"info","message":"client_db Connection established","timestamp":"2024-12-11T23:58:29.533Z"}
{"level":"info","message":"Hello, Winston!","timestamp":"2024-12-11T23:58:29.956Z"}
{"level":"warn","message":"This is a warning message.","timestamp":"2024-12-11T23:58:29.958Z"}
{"level":"error","message":"This is an error message.","timestamp":"2024-12-11T23:58:29.958Z"}
{"level":"info","message":"This is an information message.","timestamp":"2024-12-11T23:58:29.959Z"}
{"ip":"192.168.1.1","level":"info","message":"User logged in","timestamp":"2024-12-11T23:58:29.959Z","username":"johndoe"}
{"level":"info","message":"DC Epress is up","timestamp":"2024-12-11T23:58:30.316Z"}
{"level":"info","message":"app is runing: 8888","timestamp":"2024-12-11T23:58:30.316Z"}
{"level":"warn","message":"env: dcommerce_express_dev","timestamp":"2024-12-11T23:58:30.318Z"}
{"level":"info","message":"client_db Connection established","timestamp":"2024-12-11T23:58:30.499Z"}
{"level":"info","message":"Database client is synchronized","timestamp":"2024-12-11T23:58:32.876Z"}
{"level":"info","message":"Hello, Winston!","timestamp":"2024-12-12T00:00:10.042Z"}
{"level":"warn","message":"This is a warning message.","timestamp":"2024-12-12T00:00:10.045Z"}
{"level":"error","message":"This is an error message.","timestamp":"2024-12-12T00:00:10.045Z"}
{"level":"info","message":"This is an information message.","timestamp":"2024-12-12T00:00:10.046Z"}
{"ip":"192.168.1.1","level":"info","message":"User logged in","timestamp":"2024-12-12T00:00:10.046Z","username":"johndoe"}
{"level":"info","message":"DC Epress is up","timestamp":"2024-12-12T00:00:10.556Z"}
{"level":"info","message":"app is runing: 8888","timestamp":"2024-12-12T00:00:10.557Z"}
{"level":"warn","message":"env: dcommerce_express_dev","timestamp":"2024-12-12T00:00:10.558Z"}
{"level":"info","message":"client_db Connection established","timestamp":"2024-12-12T00:00:10.762Z"}
{"level":"info","message":"Database client is synchronized","timestamp":"2024-12-12T00:00:13.017Z"}
{"level":"info","message":"Hello, Winston!","timestamp":"2024-12-12T00:00:14.930Z"}
{"level":"warn","message":"This is a warning message.","timestamp":"2024-12-12T00:00:14.933Z"}
{"level":"error","message":"This is an error message.","timestamp":"2024-12-12T00:00:14.935Z"}
{"level":"info","message":"This is an information message.","timestamp":"2024-12-12T00:00:14.935Z"}
{"ip":"192.168.1.1","level":"info","message":"User logged in","timestamp":"2024-12-12T00:00:14.935Z","username":"johndoe"}
{"level":"info","message":"DC Epress is up","timestamp":"2024-12-12T00:00:15.282Z"}
{"level":"info","message":"app is runing: 8888","timestamp":"2024-12-12T00:00:15.283Z"}
{"level":"warn","message":"env: dcommerce_express_dev","timestamp":"2024-12-12T00:00:15.284Z"}
{"level":"info","message":"client_db Connection established","timestamp":"2024-12-12T00:00:15.477Z"}
{"level":"info","message":"Database client is synchronized","timestamp":"2024-12-12T00:00:17.892Z"}
{"level":"info","message":"Hello, Winston!","timestamp":"2024-12-12T05:34:32.328Z"}
{"level":"warn","message":"This is a warning message.","timestamp":"2024-12-12T05:34:32.330Z"}
{"level":"error","message":"This is an error message.","timestamp":"2024-12-12T05:34:32.332Z"}
{"level":"info","message":"This is an information message.","timestamp":"2024-12-12T05:34:32.332Z"}
{"ip":"192.168.1.1","level":"info","message":"User logged in","timestamp":"2024-12-12T05:34:32.333Z","username":"johndoe"}
{"level":"info","message":"DC Epress is up","timestamp":"2024-12-12T05:34:33.047Z"}
{"level":"info","message":"app is runing: 8888","timestamp":"2024-12-12T05:34:33.047Z"}
{"level":"warn","message":"env: dcommerce_express_dev","timestamp":"2024-12-12T05:34:33.048Z"}
{"level":"info","message":"client_db Connection established","timestamp":"2024-12-12T05:34:33.797Z"}
{"level":"info","message":"Database client is synchronized","timestamp":"2024-12-12T05:34:41.940Z"}
{"level":"info","message":"Hello, Winston!","timestamp":"2024-12-12T05:36:03.448Z"}
{"level":"warn","message":"This is a warning message.","timestamp":"2024-12-12T05:36:03.451Z"}
{"level":"error","message":"This is an error message.","timestamp":"2024-12-12T05:36:03.452Z"}
{"level":"info","message":"This is an information message.","timestamp":"2024-12-12T05:36:03.452Z"}
{"ip":"192.168.1.1","level":"info","message":"User logged in","timestamp":"2024-12-12T05:36:03.452Z","username":"johndoe"}
{"level":"info","message":"DC Epress is up","timestamp":"2024-12-12T05:36:04.092Z"}
{"level":"info","message":"app is runing: 8888","timestamp":"2024-12-12T05:36:04.094Z"}
{"level":"warn","message":"env: dcommerce_express_dev","timestamp":"2024-12-12T05:36:04.096Z"}
{"level":"info","message":"client_db Connection established","timestamp":"2024-12-12T05:36:04.631Z"}
{"level":"info","message":"Hello, Winston!","timestamp":"2024-12-12T05:36:05.185Z"}
{"level":"warn","message":"This is a warning message.","timestamp":"2024-12-12T05:36:05.187Z"}
{"level":"error","message":"This is an error message.","timestamp":"2024-12-12T05:36:05.188Z"}
{"level":"info","message":"This is an information message.","timestamp":"2024-12-12T05:36:05.188Z"}
{"ip":"192.168.1.1","level":"info","message":"User logged in","timestamp":"2024-12-12T05:36:05.188Z","username":"johndoe"}
{"level":"info","message":"DC Epress is up","timestamp":"2024-12-12T05:36:05.543Z"}
{"level":"info","message":"app is runing: 8888","timestamp":"2024-12-12T05:36:05.544Z"}
{"level":"warn","message":"env: dcommerce_express_dev","timestamp":"2024-12-12T05:36:05.545Z"}
{"level":"info","message":"client_db Connection established","timestamp":"2024-12-12T05:36:06.058Z"}
{"level":"info","message":"Database client is synchronized","timestamp":"2024-12-12T05:36:11.918Z"}
{"level":"info","message":"Hello, Winston!","timestamp":"2024-12-12T05:36:30.754Z"}
{"level":"warn","message":"This is a warning message.","timestamp":"2024-12-12T05:36:30.756Z"}
{"level":"error","message":"This is an error message.","timestamp":"2024-12-12T05:36:30.757Z"}
{"level":"info","message":"This is an information message.","timestamp":"2024-12-12T05:36:30.757Z"}
{"ip":"192.168.1.1","level":"info","message":"User logged in","timestamp":"2024-12-12T05:36:30.758Z","username":"johndoe"}
{"level":"info","message":"DC Epress is up","timestamp":"2024-12-12T05:36:31.221Z"}
{"level":"info","message":"app is runing: 8888","timestamp":"2024-12-12T05:36:31.221Z"}
{"level":"warn","message":"env: dcommerce_express_dev","timestamp":"2024-12-12T05:36:31.222Z"}
{"level":"info","message":"client_db Connection established","timestamp":"2024-12-12T05:36:31.721Z"}
{"level":"info","message":"Database client is synchronized","timestamp":"2024-12-12T05:36:36.958Z"}
{"level":"info","message":"Hello, Winston!","timestamp":"2024-12-12T05:37:26.471Z"}
{"level":"warn","message":"This is a warning message.","timestamp":"2024-12-12T05:37:26.473Z"}
{"level":"error","message":"This is an error message.","timestamp":"2024-12-12T05:37:26.473Z"}
{"level":"info","message":"This is an information message.","timestamp":"2024-12-12T05:37:26.474Z"}
{"ip":"192.168.1.1","level":"info","message":"User logged in","timestamp":"2024-12-12T05:37:26.474Z","username":"johndoe"}
{"level":"info","message":"DC Epress is up","timestamp":"2024-12-12T05:37:27.014Z"}
{"level":"info","message":"app is runing: 8888","timestamp":"2024-12-12T05:37:27.016Z"}
{"level":"warn","message":"env: dcommerce_express_dev","timestamp":"2024-12-12T05:37:27.018Z"}
{"level":"info","message":"client_db Connection established","timestamp":"2024-12-12T05:37:27.464Z"}
{"level":"info","message":"Database client is synchronized","timestamp":"2024-12-12T05:37:33.032Z"}
{"level":"info","message":"Hello, Winston!","timestamp":"2024-12-12T05:43:44.198Z"}
{"level":"warn","message":"This is a warning message.","timestamp":"2024-12-12T05:43:44.200Z"}
{"level":"error","message":"This is an error message.","timestamp":"2024-12-12T05:43:44.200Z"}
{"level":"info","message":"This is an information message.","timestamp":"2024-12-12T05:43:44.201Z"}
{"ip":"192.168.1.1","level":"info","message":"User logged in","timestamp":"2024-12-12T05:43:44.201Z","username":"johndoe"}
{"level":"info","message":"DC Epress is up","timestamp":"2024-12-12T05:43:44.706Z"}
{"level":"info","message":"app is runing: 8888","timestamp":"2024-12-12T05:43:44.706Z"}
{"level":"warn","message":"env: dcommerce_express_dev","timestamp":"2024-12-12T05:43:44.707Z"}
{"level":"info","message":"client_db Connection established","timestamp":"2024-12-12T05:43:45.197Z"}
{"level":"info","message":"Database client is synchronized","timestamp":"2024-12-12T05:43:51.481Z"}
{"level":"info","message":"Hello, Winston!","timestamp":"2024-12-12T05:45:29.390Z"}
{"level":"warn","message":"This is a warning message.","timestamp":"2024-12-12T05:45:29.393Z"}
{"level":"error","message":"This is an error message.","timestamp":"2024-12-12T05:45:29.393Z"}
{"level":"info","message":"This is an information message.","timestamp":"2024-12-12T05:45:29.394Z"}
{"ip":"192.168.1.1","level":"info","message":"User logged in","timestamp":"2024-12-12T05:45:29.394Z","username":"johndoe"}
{"level":"info","message":"DC Epress is up","timestamp":"2024-12-12T05:45:29.884Z"}
{"level":"info","message":"app is runing: 8888","timestamp":"2024-12-12T05:45:29.885Z"}
{"level":"warn","message":"env: dcommerce_express_dev","timestamp":"2024-12-12T05:45:29.886Z"}
{"level":"info","message":"client_db Connection established","timestamp":"2024-12-12T05:45:30.374Z"}
{"level":"info","message":"Database client is synchronized","timestamp":"2024-12-12T05:45:38.175Z"}
{"level":"info","message":"Hello, Winston!","timestamp":"2024-12-12T05:49:05.842Z"}
{"level":"warn","message":"This is a warning message.","timestamp":"2024-12-12T05:49:05.844Z"}
{"level":"error","message":"This is an error message.","timestamp":"2024-12-12T05:49:05.849Z"}
{"level":"info","message":"This is an information message.","timestamp":"2024-12-12T05:49:05.852Z"}
{"ip":"192.168.1.1","level":"info","message":"User logged in","timestamp":"2024-12-12T05:49:05.865Z","username":"johndoe"}
{"level":"info","message":"DC Epress is up","timestamp":"2024-12-12T05:49:06.365Z"}
{"level":"info","message":"app is runing: 8888","timestamp":"2024-12-12T05:49:06.366Z"}
{"level":"warn","message":"env: dcommerce_express_dev","timestamp":"2024-12-12T05:49:06.367Z"}
{"level":"info","message":"client_db Connection established","timestamp":"2024-12-12T05:49:06.931Z"}
{"level":"info","message":"Database client is synchronized","timestamp":"2024-12-12T05:49:13.147Z"}
{"level":"info","message":"Hello, Winston!","timestamp":"2024-12-12T05:51:43.640Z"}
{"level":"warn","message":"This is a warning message.","timestamp":"2024-12-12T05:51:43.642Z"}
{"level":"error","message":"This is an error message.","timestamp":"2024-12-12T05:51:43.643Z"}
{"level":"info","message":"This is an information message.","timestamp":"2024-12-12T05:51:43.643Z"}
{"ip":"192.168.1.1","level":"info","message":"User logged in","timestamp":"2024-12-12T05:51:43.643Z","username":"johndoe"}
{"level":"info","message":"DC Epress is up","timestamp":"2024-12-12T05:51:44.163Z"}
{"level":"info","message":"app is runing: 8888","timestamp":"2024-12-12T05:51:44.164Z"}
{"level":"warn","message":"env: dcommerce_express_dev","timestamp":"2024-12-12T05:51:44.165Z"}
{"level":"info","message":"client_db Connection established","timestamp":"2024-12-12T05:51:44.785Z"}
{"level":"info","message":"Database client is synchronized","timestamp":"2024-12-12T05:51:51.941Z"}
{"level":"info","message":"Hello, Winston!","timestamp":"2024-12-12T05:53:00.014Z"}
{"level":"warn","message":"This is a warning message.","timestamp":"2024-12-12T05:53:00.016Z"}
{"level":"error","message":"This is an error message.","timestamp":"2024-12-12T05:53:00.017Z"}
{"level":"info","message":"This is an information message.","timestamp":"2024-12-12T05:53:00.017Z"}
{"ip":"192.168.1.1","level":"info","message":"User logged in","timestamp":"2024-12-12T05:53:00.018Z","username":"johndoe"}
{"level":"info","message":"DC Epress is up","timestamp":"2024-12-12T05:53:00.526Z"}
{"level":"info","message":"app is runing: 8888","timestamp":"2024-12-12T05:53:00.526Z"}
{"level":"warn","message":"env: dcommerce_express_dev","timestamp":"2024-12-12T05:53:00.527Z"}
{"level":"info","message":"client_db Connection established","timestamp":"2024-12-12T05:53:01.092Z"}
{"level":"info","message":"Hello, Winston!","timestamp":"2024-12-12T05:55:21.044Z"}
{"level":"warn","message":"This is a warning message.","timestamp":"2024-12-12T05:55:21.047Z"}
{"level":"error","message":"This is an error message.","timestamp":"2024-12-12T05:55:21.048Z"}
{"level":"info","message":"This is an information message.","timestamp":"2024-12-12T05:55:21.048Z"}
{"ip":"192.168.1.1","level":"info","message":"User logged in","timestamp":"2024-12-12T05:55:21.049Z","username":"johndoe"}
{"level":"info","message":"DC Epress is up","timestamp":"2024-12-12T05:55:21.569Z"}
{"level":"info","message":"app is runing: 8888","timestamp":"2024-12-12T05:55:21.570Z"}
{"level":"warn","message":"env: dcommerce_express_dev","timestamp":"2024-12-12T05:55:21.570Z"}
{"level":"info","message":"client_db Connection established","timestamp":"2024-12-12T05:55:22.145Z"}
{"level":"info","message":"Database client is synchronized","timestamp":"2024-12-12T05:55:30.234Z"}
{"level":"info","message":"Hello, Winston!","timestamp":"2024-12-14T04:48:51.352Z"}
{"level":"warn","message":"This is a warning message.","timestamp":"2024-12-14T04:48:51.354Z"}
{"level":"error","message":"This is an error message.","timestamp":"2024-12-14T04:48:51.355Z"}
{"level":"info","message":"This is an information message.","timestamp":"2024-12-14T04:48:51.355Z"}
{"ip":"192.168.1.1","level":"info","message":"User logged in","timestamp":"2024-12-14T04:48:51.356Z","username":"johndoe"}
{"level":"info","message":"DC Epress is up","timestamp":"2024-12-14T04:48:52.059Z"}
{"level":"info","message":"app is runing: 8888","timestamp":"2024-12-14T04:48:52.060Z"}
{"level":"warn","message":"env: dcommerce_express_dev","timestamp":"2024-12-14T04:48:52.061Z"}
{"level":"info","message":"client_db Connection established","timestamp":"2024-12-14T04:48:52.565Z"}
{"level":"info","message":"Hello, Winston!","timestamp":"2024-12-14T06:36:35.239Z"}
{"level":"warn","message":"This is a warning message.","timestamp":"2024-12-14T06:36:35.242Z"}
{"level":"error","message":"This is an error message.","timestamp":"2024-12-14T06:36:35.243Z"}
{"level":"info","message":"This is an information message.","timestamp":"2024-12-14T06:36:35.243Z"}
{"ip":"192.168.1.1","level":"info","message":"User logged in","timestamp":"2024-12-14T06:36:35.244Z","username":"johndoe"}
{"level":"info","message":"DC Epress is up","timestamp":"2024-12-14T06:36:35.772Z"}
{"level":"info","message":"app is runing: 8888","timestamp":"2024-12-14T06:36:35.773Z"}
{"level":"warn","message":"env: dcommerce_express_dev","timestamp":"2024-12-14T06:36:35.774Z"}
{"level":"info","message":"client_db Connection established","timestamp":"2024-12-14T06:36:36.261Z"}
{"level":"info","message":"Database client is synchronized","timestamp":"2024-12-14T06:36:43.443Z"}
{"level":"info","message":"Hello, Winston!","timestamp":"2024-12-14T12:26:44.928Z"}
{"level":"warn","message":"This is a warning message.","timestamp":"2024-12-14T12:26:44.951Z"}
{"level":"error","message":"This is an error message.","timestamp":"2024-12-14T12:26:44.956Z"}
{"level":"info","message":"This is an information message.","timestamp":"2024-12-14T12:26:44.957Z"}
{"ip":"192.168.1.1","level":"info","message":"User logged in","timestamp":"2024-12-14T12:26:44.962Z","username":"johndoe"}
{"level":"info","message":"DC Epress is up","timestamp":"2024-12-14T12:26:46.949Z"}
{"level":"info","message":"app is runing: 8888","timestamp":"2024-12-14T12:26:46.951Z"}
{"level":"warn","message":"env: dcommerce_express_dev","timestamp":"2024-12-14T12:26:46.952Z"}
{"level":"info","message":"client_db Connection established","timestamp":"2024-12-14T12:26:47.149Z"}
{"level":"info","message":"Database client is synchronized","timestamp":"2024-12-14T12:26:49.488Z"}
{"level":"info","message":"Hello, Winston!","timestamp":"2024-12-14T13:43:39.290Z"}
{"level":"warn","message":"This is a warning message.","timestamp":"2024-12-14T13:43:39.293Z"}
{"level":"error","message":"This is an error message.","timestamp":"2024-12-14T13:43:39.294Z"}
{"level":"info","message":"This is an information message.","timestamp":"2024-12-14T13:43:39.295Z"}
{"ip":"192.168.1.1","level":"info","message":"User logged in","timestamp":"2024-12-14T13:43:39.296Z","username":"johndoe"}
{"level":"info","message":"DC Epress is up","timestamp":"2024-12-14T13:43:40.565Z"}
{"level":"info","message":"app is runing: 8888","timestamp":"2024-12-14T13:43:40.566Z"}
{"level":"warn","message":"env: dcommerce_express_dev","timestamp":"2024-12-14T13:43:40.566Z"}
{"level":"error","message":"client_db Connection error: (conn:-1, no: 45012, SQLState: 08S01) Connection timeout: failed to create socket after 1003ms","name":"SequelizeConnectionError","original":{"code":"ER_CONNECTION_TIMEOUT","errno":45012,"fatal":true,"name":"SqlError","sql":null,"sqlMessage":"Connection timeout: failed to create socket after 1003ms","sqlState":"08S01"},"parent":{"code":"ER_CONNECTION_TIMEOUT","errno":45012,"fatal":true,"name":"SqlError","sql":null,"sqlMessage":"Connection timeout: failed to create socket after 1003ms","sqlState":"08S01"},"stack":"SequelizeConnectionError: (conn:-1, no: 45012, SQLState: 08S01) Connection timeout: failed to create socket after 1003ms\n    at ConnectionManager.connect (/Users/soubinkittiphanh/Desktop/Pro/dc_express_api/node_modules/sequelize/lib/dialects/mariadb/connection-manager.js:100:17)\n    at processTicksAndRejections (node:internal/process/task_queues:96:5)\n    at async ConnectionManager._connect (/Users/soubinkittiphanh/Desktop/Pro/dc_express_api/node_modules/sequelize/lib/dialects/abstract/connection-manager.js:222:24)\n    at async /Users/soubinkittiphanh/Desktop/Pro/dc_express_api/node_modules/sequelize/lib/dialects/abstract/connection-manager.js:174:32","timestamp":"2024-12-14T13:43:41.559Z"}
{"level":"info","message":"Hello, Winston!","timestamp":"2024-12-14T13:43:47.477Z"}
{"level":"warn","message":"This is a warning message.","timestamp":"2024-12-14T13:43:47.481Z"}
{"level":"error","message":"This is an error message.","timestamp":"2024-12-14T13:43:47.482Z"}
{"level":"info","message":"This is an information message.","timestamp":"2024-12-14T13:43:47.483Z"}
{"ip":"192.168.1.1","level":"info","message":"User logged in","timestamp":"2024-12-14T13:43:47.484Z","username":"johndoe"}
{"level":"info","message":"DC Epress is up","timestamp":"2024-12-14T13:43:48.029Z"}
{"level":"info","message":"app is runing: 8888","timestamp":"2024-12-14T13:43:48.030Z"}
{"level":"warn","message":"env: dcommerce_express_dev","timestamp":"2024-12-14T13:43:48.031Z"}
{"level":"error","message":"client_db Connection error: (conn:-1, no: 45012, SQLState: 08S01) Connection timeout: failed to create socket after 1002ms","name":"SequelizeConnectionError","original":{"code":"ER_CONNECTION_TIMEOUT","errno":45012,"fatal":true,"name":"SqlError","sql":null,"sqlMessage":"Connection timeout: failed to create socket after 1002ms","sqlState":"08S01"},"parent":{"code":"ER_CONNECTION_TIMEOUT","errno":45012,"fatal":true,"name":"SqlError","sql":null,"sqlMessage":"Connection timeout: failed to create socket after 1002ms","sqlState":"08S01"},"stack":"SequelizeConnectionError: (conn:-1, no: 45012, SQLState: 08S01) Connection timeout: failed to create socket after 1002ms\n    at ConnectionManager.connect (/Users/soubinkittiphanh/Desktop/Pro/dc_express_api/node_modules/sequelize/lib/dialects/mariadb/connection-manager.js:100:17)\n    at processTicksAndRejections (node:internal/process/task_queues:96:5)\n    at async ConnectionManager._connect (/Users/soubinkittiphanh/Desktop/Pro/dc_express_api/node_modules/sequelize/lib/dialects/abstract/connection-manager.js:222:24)\n    at async /Users/soubinkittiphanh/Desktop/Pro/dc_express_api/node_modules/sequelize/lib/dialects/abstract/connection-manager.js:174:32","timestamp":"2024-12-14T13:43:49.026Z"}
{"level":"info","message":"Hello, Winston!","timestamp":"2024-12-14T13:43:50.330Z"}
{"level":"warn","message":"This is a warning message.","timestamp":"2024-12-14T13:43:50.332Z"}
{"level":"error","message":"This is an error message.","timestamp":"2024-12-14T13:43:50.332Z"}
{"level":"info","message":"This is an information message.","timestamp":"2024-12-14T13:43:50.333Z"}
{"ip":"192.168.1.1","level":"info","message":"User logged in","timestamp":"2024-12-14T13:43:50.333Z","username":"johndoe"}
{"level":"info","message":"DC Epress is up","timestamp":"2024-12-14T13:43:50.749Z"}
{"level":"info","message":"app is runing: 8888","timestamp":"2024-12-14T13:43:50.750Z"}
{"level":"warn","message":"env: dcommerce_express_dev","timestamp":"2024-12-14T13:43:50.751Z"}
{"level":"info","message":"client_db Connection established","timestamp":"2024-12-14T13:43:50.923Z"}
{"level":"info","message":"Database client is synchronized","timestamp":"2024-12-14T13:43:53.094Z"}
{"level":"info","message":"Hello, Winston!","timestamp":"2024-12-14T13:46:44.924Z"}
{"level":"warn","message":"This is a warning message.","timestamp":"2024-12-14T13:46:44.926Z"}
{"level":"error","message":"This is an error message.","timestamp":"2024-12-14T13:46:44.927Z"}
{"level":"info","message":"This is an information message.","timestamp":"2024-12-14T13:46:44.927Z"}
{"ip":"192.168.1.1","level":"info","message":"User logged in","timestamp":"2024-12-14T13:46:44.928Z","username":"johndoe"}
{"level":"info","message":"DC Epress is up","timestamp":"2024-12-14T13:46:45.622Z"}
{"level":"info","message":"app is runing: 8888","timestamp":"2024-12-14T13:46:45.623Z"}
{"level":"warn","message":"env: dcommerce_express_dev","timestamp":"2024-12-14T13:46:45.624Z"}
{"level":"error","message":"client_db Connection error: (conn:-1, no: 45012, SQLState: 08S01) Connection timeout: failed to create socket after 1003ms","name":"SequelizeConnectionError","original":{"code":"ER_CONNECTION_TIMEOUT","errno":45012,"fatal":true,"name":"SqlError","sql":null,"sqlMessage":"Connection timeout: failed to create socket after 1003ms","sqlState":"08S01"},"parent":{"code":"ER_CONNECTION_TIMEOUT","errno":45012,"fatal":true,"name":"SqlError","sql":null,"sqlMessage":"Connection timeout: failed to create socket after 1003ms","sqlState":"08S01"},"stack":"SequelizeConnectionError: (conn:-1, no: 45012, SQLState: 08S01) Connection timeout: failed to create socket after 1003ms\n    at ConnectionManager.connect (/Users/soubinkittiphanh/Desktop/Pro/dc_express_api/node_modules/sequelize/lib/dialects/mariadb/connection-manager.js:100:17)\n    at processTicksAndRejections (node:internal/process/task_queues:96:5)\n    at async ConnectionManager._connect (/Users/soubinkittiphanh/Desktop/Pro/dc_express_api/node_modules/sequelize/lib/dialects/abstract/connection-manager.js:222:24)\n    at async /Users/soubinkittiphanh/Desktop/Pro/dc_express_api/node_modules/sequelize/lib/dialects/abstract/connection-manager.js:174:32","timestamp":"2024-12-14T13:46:46.621Z"}
{"level":"info","message":"Hello, Winston!","timestamp":"2024-12-14T13:46:48.706Z"}
{"level":"warn","message":"This is a warning message.","timestamp":"2024-12-14T13:46:48.709Z"}
{"level":"error","message":"This is an error message.","timestamp":"2024-12-14T13:46:48.709Z"}
{"level":"info","message":"This is an information message.","timestamp":"2024-12-14T13:46:48.709Z"}
{"ip":"192.168.1.1","level":"info","message":"User logged in","timestamp":"2024-12-14T13:46:48.710Z","username":"johndoe"}
{"level":"info","message":"DC Epress is up","timestamp":"2024-12-14T13:46:49.196Z"}
{"level":"info","message":"app is runing: 8888","timestamp":"2024-12-14T13:46:49.197Z"}
{"level":"warn","message":"env: dcommerce_express_dev","timestamp":"2024-12-14T13:46:49.198Z"}
{"level":"info","message":"client_db Connection established","timestamp":"2024-12-14T13:46:49.387Z"}
{"level":"info","message":"Database client is synchronized","timestamp":"2024-12-14T13:46:52.123Z"}
{"level":"info","message":"Hello, Winston!","timestamp":"2024-12-14T14:47:58.742Z"}
{"level":"warn","message":"This is a warning message.","timestamp":"2024-12-14T14:47:58.751Z"}
{"level":"error","message":"This is an error message.","timestamp":"2024-12-14T14:47:58.752Z"}
{"level":"info","message":"This is an information message.","timestamp":"2024-12-14T14:47:58.753Z"}
{"ip":"192.168.1.1","level":"info","message":"User logged in","timestamp":"2024-12-14T14:47:58.755Z","username":"johndoe"}
{"level":"info","message":"DC Epress is up","timestamp":"2024-12-14T14:48:00.080Z"}
{"level":"info","message":"app is runing: 8888","timestamp":"2024-12-14T14:48:00.081Z"}
{"level":"warn","message":"env: dcommerce_express_dev","timestamp":"2024-12-14T14:48:00.082Z"}
{"level":"error","message":"client_db Connection error: (conn:-1, no: 45012, SQLState: 08S01) Connection timeout: failed to create socket after 1002ms","name":"SequelizeConnectionError","original":{"code":"ER_CONNECTION_TIMEOUT","errno":45012,"fatal":true,"name":"SqlError","sql":null,"sqlMessage":"Connection timeout: failed to create socket after 1002ms","sqlState":"08S01"},"parent":{"code":"ER_CONNECTION_TIMEOUT","errno":45012,"fatal":true,"name":"SqlError","sql":null,"sqlMessage":"Connection timeout: failed to create socket after 1002ms","sqlState":"08S01"},"stack":"SequelizeConnectionError: (conn:-1, no: 45012, SQLState: 08S01) Connection timeout: failed to create socket after 1002ms\n    at ConnectionManager.connect (/Users/soubinkittiphanh/Desktop/Pro/dc_express_api/node_modules/sequelize/lib/dialects/mariadb/connection-manager.js:100:17)\n    at processTicksAndRejections (node:internal/process/task_queues:96:5)\n    at async ConnectionManager._connect (/Users/soubinkittiphanh/Desktop/Pro/dc_express_api/node_modules/sequelize/lib/dialects/abstract/connection-manager.js:222:24)\n    at async /Users/soubinkittiphanh/Desktop/Pro/dc_express_api/node_modules/sequelize/lib/dialects/abstract/connection-manager.js:174:32","timestamp":"2024-12-14T14:48:01.079Z"}
{"level":"info","message":"Hello, Winston!","timestamp":"2024-12-14T14:48:02.330Z"}
{"level":"warn","message":"This is a warning message.","timestamp":"2024-12-14T14:48:02.333Z"}
{"level":"error","message":"This is an error message.","timestamp":"2024-12-14T14:48:02.334Z"}
{"level":"info","message":"This is an information message.","timestamp":"2024-12-14T14:48:02.334Z"}
{"ip":"192.168.1.1","level":"info","message":"User logged in","timestamp":"2024-12-14T14:48:02.334Z","username":"johndoe"}
{"level":"info","message":"DC Epress is up","timestamp":"2024-12-14T14:48:02.817Z"}
{"level":"info","message":"app is runing: 8888","timestamp":"2024-12-14T14:48:02.819Z"}
{"level":"warn","message":"env: dcommerce_express_dev","timestamp":"2024-12-14T14:48:02.821Z"}
{"level":"error","message":"client_db Connection error: (conn:-1, no: 45012, SQLState: 08S01) Connection timeout: failed to create socket after 1001ms","name":"SequelizeConnectionError","original":{"code":"ER_CONNECTION_TIMEOUT","errno":45012,"fatal":true,"name":"SqlError","sql":null,"sqlMessage":"Connection timeout: failed to create socket after 1001ms","sqlState":"08S01"},"parent":{"code":"ER_CONNECTION_TIMEOUT","errno":45012,"fatal":true,"name":"SqlError","sql":null,"sqlMessage":"Connection timeout: failed to create socket after 1001ms","sqlState":"08S01"},"stack":"SequelizeConnectionError: (conn:-1, no: 45012, SQLState: 08S01) Connection timeout: failed to create socket after 1001ms\n    at ConnectionManager.connect (/Users/soubinkittiphanh/Desktop/Pro/dc_express_api/node_modules/sequelize/lib/dialects/mariadb/connection-manager.js:100:17)\n    at processTicksAndRejections (node:internal/process/task_queues:96:5)\n    at async ConnectionManager._connect (/Users/soubinkittiphanh/Desktop/Pro/dc_express_api/node_modules/sequelize/lib/dialects/abstract/connection-manager.js:222:24)\n    at async /Users/soubinkittiphanh/Desktop/Pro/dc_express_api/node_modules/sequelize/lib/dialects/abstract/connection-manager.js:174:32","timestamp":"2024-12-14T14:48:03.814Z"}
{"level":"info","message":"Hello, Winston!","timestamp":"2024-12-14T14:48:05.121Z"}
{"level":"warn","message":"This is a warning message.","timestamp":"2024-12-14T14:48:05.124Z"}
{"level":"error","message":"This is an error message.","timestamp":"2024-12-14T14:48:05.125Z"}
{"level":"info","message":"This is an information message.","timestamp":"2024-12-14T14:48:05.125Z"}
{"ip":"192.168.1.1","level":"info","message":"User logged in","timestamp":"2024-12-14T14:48:05.126Z","username":"johndoe"}
{"level":"info","message":"DC Epress is up","timestamp":"2024-12-14T14:48:05.524Z"}
{"level":"info","message":"app is runing: 8888","timestamp":"2024-12-14T14:48:05.525Z"}
{"level":"warn","message":"env: dcommerce_express_dev","timestamp":"2024-12-14T14:48:05.525Z"}
{"level":"error","message":"client_db Connection error: (conn:-1, no: 45012, SQLState: 08S01) Connection timeout: failed to create socket after 1002ms","name":"SequelizeConnectionError","original":{"code":"ER_CONNECTION_TIMEOUT","errno":45012,"fatal":true,"name":"SqlError","sql":null,"sqlMessage":"Connection timeout: failed to create socket after 1002ms","sqlState":"08S01"},"parent":{"code":"ER_CONNECTION_TIMEOUT","errno":45012,"fatal":true,"name":"SqlError","sql":null,"sqlMessage":"Connection timeout: failed to create socket after 1002ms","sqlState":"08S01"},"stack":"SequelizeConnectionError: (conn:-1, no: 45012, SQLState: 08S01) Connection timeout: failed to create socket after 1002ms\n    at ConnectionManager.connect (/Users/soubinkittiphanh/Desktop/Pro/dc_express_api/node_modules/sequelize/lib/dialects/mariadb/connection-manager.js:100:17)\n    at processTicksAndRejections (node:internal/process/task_queues:96:5)\n    at runNextTicks (node:internal/process/task_queues:65:3)\n    at listOnTimeout (node:internal/timers:528:9)\n    at processTimers (node:internal/timers:502:7)\n    at async ConnectionManager._connect (/Users/soubinkittiphanh/Desktop/Pro/dc_express_api/node_modules/sequelize/lib/dialects/abstract/connection-manager.js:222:24)","timestamp":"2024-12-14T14:48:06.613Z"}
{"level":"info","message":"Hello, Winston!","timestamp":"2024-12-14T14:48:07.844Z"}
{"level":"warn","message":"This is a warning message.","timestamp":"2024-12-14T14:48:07.847Z"}
{"level":"error","message":"This is an error message.","timestamp":"2024-12-14T14:48:07.847Z"}
{"level":"info","message":"This is an information message.","timestamp":"2024-12-14T14:48:07.848Z"}
{"ip":"192.168.1.1","level":"info","message":"User logged in","timestamp":"2024-12-14T14:48:07.848Z","username":"johndoe"}
{"level":"info","message":"DC Epress is up","timestamp":"2024-12-14T14:48:08.267Z"}
{"level":"info","message":"app is runing: 8888","timestamp":"2024-12-14T14:48:08.267Z"}
{"level":"warn","message":"env: dcommerce_express_dev","timestamp":"2024-12-14T14:48:08.268Z"}
{"level":"info","message":"client_db Connection established","timestamp":"2024-12-14T14:48:08.470Z"}
{"level":"info","message":"Database client is synchronized","timestamp":"2024-12-14T14:48:10.755Z"}
{"level":"info","message":"Hello, Winston!","timestamp":"2024-12-15T02:17:18.681Z"}
{"level":"warn","message":"This is a warning message.","timestamp":"2024-12-15T02:17:18.683Z"}
{"level":"error","message":"This is an error message.","timestamp":"2024-12-15T02:17:18.684Z"}
{"level":"info","message":"This is an information message.","timestamp":"2024-12-15T02:17:18.684Z"}
{"ip":"192.168.1.1","level":"info","message":"User logged in","timestamp":"2024-12-15T02:17:18.685Z","username":"johndoe"}
{"level":"info","message":"DC Epress is up","timestamp":"2024-12-15T02:17:19.504Z"}
{"level":"info","message":"app is runing: 8888","timestamp":"2024-12-15T02:17:19.504Z"}
{"level":"warn","message":"env: dcommerce_express_dev","timestamp":"2024-12-15T02:17:19.505Z"}
{"level":"info","message":"client_db Connection established","timestamp":"2024-12-15T02:17:19.697Z"}
{"level":"info","message":"Database client is synchronized","timestamp":"2024-12-15T02:17:22.107Z"}
{"level":"info","message":"Hello, Winston!","timestamp":"2024-12-15T02:17:23.150Z"}
{"level":"warn","message":"This is a warning message.","timestamp":"2024-12-15T02:17:23.152Z"}
{"level":"error","message":"This is an error message.","timestamp":"2024-12-15T02:17:23.153Z"}
{"level":"info","message":"This is an information message.","timestamp":"2024-12-15T02:17:23.153Z"}
{"ip":"192.168.1.1","level":"info","message":"User logged in","timestamp":"2024-12-15T02:17:23.154Z","username":"johndoe"}
{"level":"info","message":"DC Epress is up","timestamp":"2024-12-15T02:17:23.545Z"}
{"level":"info","message":"app is runing: 8888","timestamp":"2024-12-15T02:17:23.546Z"}
{"level":"warn","message":"env: dcommerce_express_dev","timestamp":"2024-12-15T02:17:23.546Z"}
{"level":"info","message":"client_db Connection established","timestamp":"2024-12-15T02:17:23.889Z"}
{"level":"info","message":"Database client is synchronized","timestamp":"2024-12-15T02:17:26.343Z"}
{"level":"info","message":"Hello, Winston!","timestamp":"2024-12-15T04:22:43.316Z"}
{"level":"warn","message":"This is a warning message.","timestamp":"2024-12-15T04:22:43.318Z"}
{"level":"error","message":"This is an error message.","timestamp":"2024-12-15T04:22:43.319Z"}
{"level":"info","message":"This is an information message.","timestamp":"2024-12-15T04:22:43.319Z"}
{"ip":"192.168.1.1","level":"info","message":"User logged in","timestamp":"2024-12-15T04:22:43.320Z","username":"johndoe"}
{"level":"info","message":"DC Epress is up","timestamp":"2024-12-15T04:22:44.047Z"}
{"level":"info","message":"app is runing: 8888","timestamp":"2024-12-15T04:22:44.048Z"}
{"level":"warn","message":"env: dcommerce_express_dev","timestamp":"2024-12-15T04:22:44.049Z"}
{"level":"info","message":"client_db Connection established","timestamp":"2024-12-15T04:22:44.255Z"}
{"level":"info","message":"Database client is synchronized","timestamp":"2024-12-15T04:22:46.937Z"}
{"level":"info","message":"Hello, Winston!","timestamp":"2024-12-15T06:06:42.057Z"}
{"level":"warn","message":"This is a warning message.","timestamp":"2024-12-15T06:06:42.061Z"}
{"level":"error","message":"This is an error message.","timestamp":"2024-12-15T06:06:42.062Z"}
{"level":"info","message":"This is an information message.","timestamp":"2024-12-15T06:06:42.062Z"}
{"ip":"192.168.1.1","level":"info","message":"User logged in","timestamp":"2024-12-15T06:06:42.063Z","username":"johndoe"}
{"level":"info","message":"DC Epress is up","timestamp":"2024-12-15T06:06:43.112Z"}
{"level":"info","message":"app is runing: 8888","timestamp":"2024-12-15T06:06:43.113Z"}
{"level":"warn","message":"env: dcommerce_express_dev","timestamp":"2024-12-15T06:06:43.114Z"}
{"level":"info","message":"client_db Connection established","timestamp":"2024-12-15T06:06:43.349Z"}
{"level":"info","message":"Database client is synchronized","timestamp":"2024-12-15T06:06:48.212Z"}
{"level":"info","message":"Hello, Winston!","timestamp":"2024-12-16T15:38:59.184Z"}
{"level":"warn","message":"This is a warning message.","timestamp":"2024-12-16T15:38:59.188Z"}
{"level":"error","message":"This is an error message.","timestamp":"2024-12-16T15:38:59.188Z"}
{"level":"info","message":"This is an information message.","timestamp":"2024-12-16T15:38:59.189Z"}
{"ip":"192.168.1.1","level":"info","message":"User logged in","timestamp":"2024-12-16T15:38:59.189Z","username":"johndoe"}
{"level":"info","message":"DC Epress is up","timestamp":"2024-12-16T15:39:00.182Z"}
{"level":"info","message":"app is runing: 8888","timestamp":"2024-12-16T15:39:00.183Z"}
{"level":"warn","message":"env: dcommerce_express_dev","timestamp":"2024-12-16T15:39:00.184Z"}
{"level":"info","message":"client_db Connection established","timestamp":"2024-12-16T15:39:00.378Z"}
{"level":"info","message":"Database client is synchronized","timestamp":"2024-12-16T15:39:03.246Z"}
{"level":"info","message":"Hello, Winston!","timestamp":"2024-12-17T12:54:34.053Z"}
{"level":"warn","message":"This is a warning message.","timestamp":"2024-12-17T12:54:34.055Z"}
{"level":"error","message":"This is an error message.","timestamp":"2024-12-17T12:54:34.056Z"}
{"level":"info","message":"This is an information message.","timestamp":"2024-12-17T12:54:34.056Z"}
{"ip":"192.168.1.1","level":"info","message":"User logged in","timestamp":"2024-12-17T12:54:34.056Z","username":"johndoe"}
{"level":"info","message":"DC Epress is up","timestamp":"2024-12-17T12:54:34.733Z"}
{"level":"info","message":"app is runing: 8888","timestamp":"2024-12-17T12:54:34.734Z"}
{"level":"warn","message":"env: dcommerce_express_dev","timestamp":"2024-12-17T12:54:34.734Z"}
{"level":"info","message":"client_db Connection established","timestamp":"2024-12-17T12:54:34.916Z"}
{"level":"info","message":"Database client is synchronized","timestamp":"2024-12-17T12:54:37.385Z"}
{"level":"info","message":"Hello, Winston!","timestamp":"2024-12-24T06:02:25.341Z"}
{"level":"warn","message":"This is a warning message.","timestamp":"2024-12-24T06:02:25.343Z"}
{"level":"error","message":"This is an error message.","timestamp":"2024-12-24T06:02:25.344Z"}
{"level":"info","message":"This is an information message.","timestamp":"2024-12-24T06:02:25.344Z"}
{"ip":"192.168.1.1","level":"info","message":"User logged in","timestamp":"2024-12-24T06:02:25.345Z","username":"johndoe"}
{"level":"info","message":"DC Epress is up","timestamp":"2024-12-24T06:02:26.424Z"}
{"level":"info","message":"app is runing: 8888","timestamp":"2024-12-24T06:02:26.425Z"}
{"level":"warn","message":"env: dcommerce_express_dev","timestamp":"2024-12-24T06:02:26.425Z"}
{"level":"info","message":"client_db Connection established","timestamp":"2024-12-24T06:02:26.598Z"}
{"level":"info","message":"Database client is synchronized","timestamp":"2024-12-24T06:02:29.432Z"}
{"level":"info","message":"Hello, Winston!","timestamp":"2024-12-24T06:26:48.020Z"}
{"level":"warn","message":"This is a warning message.","timestamp":"2024-12-24T06:26:48.022Z"}
{"level":"error","message":"This is an error message.","timestamp":"2024-12-24T06:26:48.023Z"}
{"level":"info","message":"This is an information message.","timestamp":"2024-12-24T06:26:48.023Z"}
{"ip":"192.168.1.1","level":"info","message":"User logged in","timestamp":"2024-12-24T06:26:48.023Z","username":"johndoe"}
{"level":"info","message":"DC Epress is up","timestamp":"2024-12-24T06:26:50.751Z"}
{"level":"info","message":"app is runing: 8888","timestamp":"2024-12-24T06:26:50.752Z"}
{"level":"warn","message":"env: dcommerce_express_dev","timestamp":"2024-12-24T06:26:50.753Z"}
{"level":"info","message":"client_db Connection established","timestamp":"2024-12-24T06:26:50.953Z"}
{"level":"info","message":"Hello, Winston!","timestamp":"2024-12-24T06:28:01.230Z"}
{"level":"warn","message":"This is a warning message.","timestamp":"2024-12-24T06:28:01.233Z"}
{"level":"error","message":"This is an error message.","timestamp":"2024-12-24T06:28:01.234Z"}
{"level":"info","message":"This is an information message.","timestamp":"2024-12-24T06:28:01.234Z"}
{"ip":"192.168.1.1","level":"info","message":"User logged in","timestamp":"2024-12-24T06:28:01.237Z","username":"johndoe"}
{"level":"info","message":"DC Epress is up","timestamp":"2024-12-24T06:28:03.804Z"}
{"level":"info","message":"app is runing: 8888","timestamp":"2024-12-24T06:28:03.805Z"}
{"level":"warn","message":"env: dcommerce_express_dev","timestamp":"2024-12-24T06:28:03.805Z"}
{"level":"info","message":"client_db Connection established","timestamp":"2024-12-24T06:28:04.005Z"}
{"level":"info","message":"Database client is synchronized","timestamp":"2024-12-24T06:28:06.392Z"}
{"level":"info","message":"Hello, Winston!","timestamp":"2024-12-24T06:29:02.259Z"}
{"level":"warn","message":"This is a warning message.","timestamp":"2024-12-24T06:29:02.261Z"}
{"level":"error","message":"This is an error message.","timestamp":"2024-12-24T06:29:02.262Z"}
{"level":"info","message":"This is an information message.","timestamp":"2024-12-24T06:29:02.263Z"}
{"ip":"192.168.1.1","level":"info","message":"User logged in","timestamp":"2024-12-24T06:29:02.264Z","username":"johndoe"}
{"level":"info","message":"DC Epress is up","timestamp":"2024-12-24T06:29:05.448Z"}
{"level":"info","message":"app is runing: 8888","timestamp":"2024-12-24T06:29:05.455Z"}
{"level":"warn","message":"env: dcommerce_express_dev","timestamp":"2024-12-24T06:29:05.456Z"}
{"level":"info","message":"client_db Connection established","timestamp":"2024-12-24T06:29:05.710Z"}
{"level":"info","message":"Database client is synchronized","timestamp":"2024-12-24T06:29:08.229Z"}
{"level":"info","message":"Received file type: application/octet-stream","timestamp":"2024-12-24T06:29:11.639Z"}
{"level":"info","message":"Hello, Winston!","timestamp":"2024-12-24T06:30:35.717Z"}
{"level":"warn","message":"This is a warning message.","timestamp":"2024-12-24T06:30:35.719Z"}
{"level":"error","message":"This is an error message.","timestamp":"2024-12-24T06:30:35.720Z"}
{"level":"info","message":"This is an information message.","timestamp":"2024-12-24T06:30:35.720Z"}
{"ip":"192.168.1.1","level":"info","message":"User logged in","timestamp":"2024-12-24T06:30:35.721Z","username":"johndoe"}
{"level":"info","message":"DC Epress is up","timestamp":"2024-12-24T06:30:36.442Z"}
{"level":"info","message":"app is runing: 8888","timestamp":"2024-12-24T06:30:36.443Z"}
{"level":"warn","message":"env: dcommerce_express_dev","timestamp":"2024-12-24T06:30:36.444Z"}
{"level":"info","message":"client_db Connection established","timestamp":"2024-12-24T06:30:36.628Z"}
{"level":"info","message":"Database client is synchronized","timestamp":"2024-12-24T06:30:39.407Z"}
{"level":"info","message":"Received file type: application/octet-stream","timestamp":"2024-12-24T06:30:55.157Z"}
{"level":"error","message":"Error uploading images: Only image files are allowed!","timestamp":"2024-12-24T06:30:55.166Z"}
{"level":"info","message":"Received file type: application/octet-stream","timestamp":"2024-12-24T06:30:55.203Z"}
{"level":"error","message":"Error uploading images: Only image files are allowed!","timestamp":"2024-12-24T06:30:55.207Z"}
{"level":"info","message":"Hello, Winston!","timestamp":"2024-12-24T06:33:51.973Z"}
{"level":"warn","message":"This is a warning message.","timestamp":"2024-12-24T06:33:51.975Z"}
{"level":"error","message":"This is an error message.","timestamp":"2024-12-24T06:33:51.976Z"}
{"level":"info","message":"This is an information message.","timestamp":"2024-12-24T06:33:51.976Z"}
{"ip":"192.168.1.1","level":"info","message":"User logged in","timestamp":"2024-12-24T06:33:51.977Z","username":"johndoe"}
{"level":"info","message":"DC Epress is up","timestamp":"2024-12-24T06:33:52.612Z"}
{"level":"info","message":"app is runing: 8888","timestamp":"2024-12-24T06:33:52.613Z"}
{"level":"warn","message":"env: dcommerce_express_dev","timestamp":"2024-12-24T06:33:52.614Z"}
{"level":"info","message":"client_db Connection established","timestamp":"2024-12-24T06:33:52.785Z"}
{"level":"info","message":"Database client is synchronized","timestamp":"2024-12-24T06:33:55.019Z"}
{"level":"info","message":"Received file type: application/octet-stream","timestamp":"2024-12-24T06:34:00.612Z"}
{"level":"error","message":"Error uploading images: Only image files are allowed!","timestamp":"2024-12-24T06:34:00.618Z"}
{"level":"info","message":"Hello, Winston!","timestamp":"2024-12-24T06:40:15.045Z"}
{"level":"warn","message":"This is a warning message.","timestamp":"2024-12-24T06:40:15.048Z"}
{"level":"error","message":"This is an error message.","timestamp":"2024-12-24T06:40:15.048Z"}
{"level":"info","message":"This is an information message.","timestamp":"2024-12-24T06:40:15.049Z"}
{"ip":"192.168.1.1","level":"info","message":"User logged in","timestamp":"2024-12-24T06:40:15.049Z","username":"johndoe"}
{"level":"info","message":"DC Epress is up","timestamp":"2024-12-24T06:40:16.623Z"}
{"level":"info","message":"app is runing: 8888","timestamp":"2024-12-24T06:40:16.624Z"}
{"level":"warn","message":"env: dcommerce_express_dev","timestamp":"2024-12-24T06:40:16.624Z"}
{"level":"info","message":"client_db Connection established","timestamp":"2024-12-24T06:40:16.829Z"}
{"level":"info","message":"Database client is synchronized","timestamp":"2024-12-24T06:40:19.165Z"}
{"level":"info","message":"Received file type: application/octet-stream","timestamp":"2024-12-24T06:40:29.557Z"}
{"level":"info","message":"JSON DATA {\"recipientTel\":\"77998833\",\"recipientTelName\":\"Anolo\",\"recipientAddress\":\"Address\",\"riderFee\":30000.0,\"status\":\"OPEN\",\"productCategory\":\"FOOD\",\"isActive\":true,\"merchantId\":1}","timestamp":"2024-12-24T06:40:29.580Z"}
{"level":"info","message":"FILE DATA ","timestamp":"2024-12-24T06:40:29.585Z"}
{"level":"error","message":"Error uploading images: Only image files are allowed!","timestamp":"2024-12-24T06:40:29.586Z"}
{"level":"info","message":"Received file type: application/octet-stream","timestamp":"2024-12-24T06:40:29.733Z"}
{"level":"info","message":"JSON DATA {\"recipientTel\":\"77998833\",\"recipientTelName\":\"Anolo\",\"recipientAddress\":\"Address\",\"riderFee\":30000.0,\"status\":\"OPEN\",\"productCategory\":\"FOOD\",\"isActive\":true,\"merchantId\":1}","timestamp":"2024-12-24T06:40:29.736Z"}
{"level":"info","message":"FILE DATA ","timestamp":"2024-12-24T06:40:29.736Z"}
{"level":"error","message":"Error uploading images: Only image files are allowed!","timestamp":"2024-12-24T06:40:29.737Z"}
{"level":"info","message":"Hello, Winston!","timestamp":"2024-12-24T06:43:16.551Z"}
{"level":"warn","message":"This is a warning message.","timestamp":"2024-12-24T06:43:16.554Z"}
{"level":"error","message":"This is an error message.","timestamp":"2024-12-24T06:43:16.554Z"}
{"level":"info","message":"This is an information message.","timestamp":"2024-12-24T06:43:16.554Z"}
{"ip":"192.168.1.1","level":"info","message":"User logged in","timestamp":"2024-12-24T06:43:16.555Z","username":"johndoe"}
{"level":"info","message":"DC Epress is up","timestamp":"2024-12-24T06:43:17.171Z"}
{"level":"info","message":"app is runing: 8888","timestamp":"2024-12-24T06:43:17.172Z"}
{"level":"warn","message":"env: dcommerce_express_dev","timestamp":"2024-12-24T06:43:17.173Z"}
{"level":"error","message":"client_db Connection error: (conn:-1, no: 45012, SQLState: 08S01) Connection timeout: failed to create socket after 1002ms","name":"SequelizeConnectionError","original":{"code":"ER_CONNECTION_TIMEOUT","errno":45012,"fatal":true,"name":"SqlError","sql":null,"sqlMessage":"Connection timeout: failed to create socket after 1002ms","sqlState":"08S01"},"parent":{"code":"ER_CONNECTION_TIMEOUT","errno":45012,"fatal":true,"name":"SqlError","sql":null,"sqlMessage":"Connection timeout: failed to create socket after 1002ms","sqlState":"08S01"},"stack":"SequelizeConnectionError: (conn:-1, no: 45012, SQLState: 08S01) Connection timeout: failed to create socket after 1002ms\n    at ConnectionManager.connect (/Users/soubinkittiphanh/Desktop/Pro/dc_express_api/node_modules/sequelize/lib/dialects/mariadb/connection-manager.js:100:17)\n    at processTicksAndRejections (node:internal/process/task_queues:96:5)\n    at async ConnectionManager._connect (/Users/soubinkittiphanh/Desktop/Pro/dc_express_api/node_modules/sequelize/lib/dialects/abstract/connection-manager.js:222:24)\n    at async /Users/soubinkittiphanh/Desktop/Pro/dc_express_api/node_modules/sequelize/lib/dialects/abstract/connection-manager.js:174:32","timestamp":"2024-12-24T06:43:18.170Z"}
{"level":"info","message":"Hello, Winston!","timestamp":"2024-12-24T06:43:20.088Z"}
{"level":"warn","message":"This is a warning message.","timestamp":"2024-12-24T06:43:20.090Z"}
{"level":"error","message":"This is an error message.","timestamp":"2024-12-24T06:43:20.091Z"}
{"level":"info","message":"This is an information message.","timestamp":"2024-12-24T06:43:20.092Z"}
{"ip":"192.168.1.1","level":"info","message":"User logged in","timestamp":"2024-12-24T06:43:20.092Z","username":"johndoe"}
{"level":"info","message":"DC Epress is up","timestamp":"2024-12-24T06:43:20.492Z"}
{"level":"info","message":"app is runing: 8888","timestamp":"2024-12-24T06:43:20.493Z"}
{"level":"warn","message":"env: dcommerce_express_dev","timestamp":"2024-12-24T06:43:20.493Z"}
{"level":"info","message":"client_db Connection established","timestamp":"2024-12-24T06:43:21.614Z"}
{"level":"info","message":"Database client is synchronized","timestamp":"2024-12-24T06:43:25.037Z"}
{"level":"info","message":"Received file type: application/octet-stream","timestamp":"2024-12-24T06:43:31.952Z"}
{"level":"info","message":"JSON DATA {\"recipientTel\":\"77998833\",\"recipientTelName\":\"Anolo\",\"recipientAddress\":\"Address\",\"riderFee\":30000.0,\"status\":\"OPEN\",\"productCategory\":\"FOOD\",\"isActive\":true,\"merchantId\":1}","timestamp":"2024-12-24T06:43:31.972Z"}
{"level":"info","message":"FILE DATA ","timestamp":"2024-12-24T06:43:31.974Z"}
{"level":"error","message":"Error uploading images: Only image files are allowed!","timestamp":"2024-12-24T06:43:31.975Z"}
{"level":"info","message":"Received file type: application/octet-stream","timestamp":"2024-12-24T06:43:32.910Z"}
{"level":"info","message":"JSON DATA {\"recipientTel\":\"77998833\",\"recipientTelName\":\"Anolo\",\"recipientAddress\":\"Address\",\"riderFee\":30000.0,\"status\":\"OPEN\",\"productCategory\":\"FOOD\",\"isActive\":true,\"merchantId\":1}","timestamp":"2024-12-24T06:43:33.621Z"}
{"level":"info","message":"FILE DATA ","timestamp":"2024-12-24T06:43:33.622Z"}
{"level":"error","message":"Error uploading images: Only image files are allowed!","timestamp":"2024-12-24T06:43:33.622Z"}
{"level":"info","message":"Hello, Winston!","timestamp":"2024-12-24T06:52:42.564Z"}
{"level":"warn","message":"This is a warning message.","timestamp":"2024-12-24T06:52:42.567Z"}
{"level":"error","message":"This is an error message.","timestamp":"2024-12-24T06:52:42.568Z"}
{"level":"info","message":"This is an information message.","timestamp":"2024-12-24T06:52:42.568Z"}
{"ip":"192.168.1.1","level":"info","message":"User logged in","timestamp":"2024-12-24T06:52:42.569Z","username":"johndoe"}
{"level":"info","message":"DC Epress is up","timestamp":"2024-12-24T06:52:44.032Z"}
{"level":"info","message":"app is runing: 8888","timestamp":"2024-12-24T06:52:44.033Z"}
{"level":"warn","message":"env: dcommerce_express_dev","timestamp":"2024-12-24T06:52:44.034Z"}
{"level":"info","message":"client_db Connection established","timestamp":"2024-12-24T06:52:44.240Z"}
{"level":"info","message":"Database client is synchronized","timestamp":"2024-12-24T06:52:46.569Z"}
{"level":"info","message":"JSON DATA undefined","timestamp":"2024-12-24T06:53:12.277Z"}
{"level":"info","message":"FILE DATA ","timestamp":"2024-12-24T06:53:12.280Z"}
{"level":"error","message":"Error uploading images: Unexpected field","timestamp":"2024-12-24T06:53:12.282Z"}
{"level":"info","message":"Hello, Winston!","timestamp":"2024-12-24T07:02:33.541Z"}
{"level":"warn","message":"This is a warning message.","timestamp":"2024-12-24T07:02:33.543Z"}
{"level":"error","message":"This is an error message.","timestamp":"2024-12-24T07:02:33.544Z"}
{"level":"info","message":"This is an information message.","timestamp":"2024-12-24T07:02:33.544Z"}
{"ip":"192.168.1.1","level":"info","message":"User logged in","timestamp":"2024-12-24T07:02:33.545Z","username":"johndoe"}
{"level":"info","message":"DC Epress is up","timestamp":"2024-12-24T07:02:34.161Z"}
{"level":"info","message":"app is runing: 8888","timestamp":"2024-12-24T07:02:34.162Z"}
{"level":"warn","message":"env: dcommerce_express_dev","timestamp":"2024-12-24T07:02:34.163Z"}
{"level":"info","message":"client_db Connection established","timestamp":"2024-12-24T07:02:34.350Z"}
{"level":"info","message":"Database client is synchronized","timestamp":"2024-12-24T07:02:36.927Z"}
{"level":"info","message":"Hello, Winston!","timestamp":"2024-12-24T07:02:44.444Z"}
{"level":"warn","message":"This is a warning message.","timestamp":"2024-12-24T07:02:44.446Z"}
{"level":"error","message":"This is an error message.","timestamp":"2024-12-24T07:02:44.447Z"}
{"level":"info","message":"This is an information message.","timestamp":"2024-12-24T07:02:44.447Z"}
{"ip":"192.168.1.1","level":"info","message":"User logged in","timestamp":"2024-12-24T07:02:44.447Z","username":"johndoe"}
{"level":"info","message":"DC Epress is up","timestamp":"2024-12-24T07:02:45.040Z"}
{"level":"info","message":"app is runing: 8888","timestamp":"2024-12-24T07:02:45.041Z"}
{"level":"warn","message":"env: dcommerce_express_dev","timestamp":"2024-12-24T07:02:45.041Z"}
{"level":"info","message":"client_db Connection established","timestamp":"2024-12-24T07:02:45.237Z"}
{"level":"info","message":"Database client is synchronized","timestamp":"2024-12-24T07:02:48.327Z"}
{"level":"info","message":"Hello, Winston!","timestamp":"2024-12-24T07:03:29.154Z"}
{"level":"warn","message":"This is a warning message.","timestamp":"2024-12-24T07:03:29.157Z"}
{"level":"error","message":"This is an error message.","timestamp":"2024-12-24T07:03:29.158Z"}
{"level":"info","message":"This is an information message.","timestamp":"2024-12-24T07:03:29.158Z"}
{"ip":"192.168.1.1","level":"info","message":"User logged in","timestamp":"2024-12-24T07:03:29.158Z","username":"johndoe"}
{"level":"info","message":"DC Epress is up","timestamp":"2024-12-24T07:03:30.992Z"}
{"level":"info","message":"app is runing: 8888","timestamp":"2024-12-24T07:03:30.994Z"}
{"level":"warn","message":"env: dcommerce_express_dev","timestamp":"2024-12-24T07:03:30.995Z"}
{"level":"info","message":"client_db Connection established","timestamp":"2024-12-24T07:03:31.167Z"}
{"level":"info","message":"Database client is synchronized","timestamp":"2024-12-24T07:03:33.910Z"}
{"level":"info","message":"Request Headers: {\"user-agent\":\"Dart/2.19 (dart:io)\",\"accept\":\"application/json\",\"accept-encoding\":\"gzip\",\"content-length\":\"45742\",\"host\":\"192.168.1.3:8888\",\"authorization\":\"Bearer eyJhbGciOiJIUzI1NiIsInR5cCI6IkpXVCJ9.eyJpZCI6MSwibG9naW5JZCI6ImRjb21tZXJjZSIsInN0YXR1cyI6ImFjdGl2ZSIsImlhdCI6MTczNTAyMDY2OCwiZXhwIjoxNzM1MDI0MjY4fQ.Hzi7VONQslQpOVr6UEWw57CLZB3B_XdL33aeP2-DZyQ\",\"content-type\":\"multipart/form-data; boundary=dart-http-boundary-o0AWrPdqbUF7HhYqKwVefHPyT3.wsZ66l5.MYAYb361xLC89HzR\"}","timestamp":"2024-12-24T07:03:51.141Z"}
{"level":"info","message":"Request Body: {}","timestamp":"2024-12-24T07:03:51.148Z"}
{"level":"info","message":"Request Files: undefined","timestamp":"2024-12-24T07:03:51.150Z"}
{"level":"info","message":"Received file type: application/octet-stream","timestamp":"2024-12-24T07:03:51.237Z"}
{"level":"info","message":"Request Headers: {\"user-agent\":\"Dart/2.19 (dart:io)\",\"accept\":\"application/json\",\"accept-encoding\":\"gzip\",\"content-length\":\"45742\",\"host\":\"192.168.1.3:8888\",\"authorization\":\"Bearer eyJhbGciOiJIUzI1NiIsInR5cCI6IkpXVCJ9.eyJpZCI6MSwibG9naW5JZCI6ImRjb21tZXJjZSIsInN0YXR1cyI6ImFjdGl2ZSIsImlhdCI6MTczNTAyMDY2OCwiZXhwIjoxNzM1MDI0MjY4fQ.Hzi7VONQslQpOVr6UEWw57CLZB3B_XdL33aeP2-DZyQ\",\"content-type\":\"multipart/form-data; boundary=dart-http-boundary-D.aKcbSoDDqaWQQH-REtrgwhgcv6FrEJnugh1JODwxegqee7v75\"}","timestamp":"2024-12-24T07:03:51.262Z"}
{"level":"info","message":"Request Body: {}","timestamp":"2024-12-24T07:03:51.264Z"}
{"level":"info","message":"Request Files: undefined","timestamp":"2024-12-24T07:03:51.264Z"}
{"level":"info","message":"Received file type: application/octet-stream","timestamp":"2024-12-24T07:03:51.324Z"}
{"level":"info","message":"Request Headers: {\"authorization\":\"Bearer eyJhbGciOiJIUzI1NiIsInR5cCI6IkpXVCJ9.eyJpZCI6MSwibG9naW5JZCI6ImRjb21tZXJjZSIsInN0YXR1cyI6ImFjdGl2ZSIsImlhdCI6MTczNTAyMDg3OCwiZXhwIjoxNzM1MDI0NDc4fQ.5Q1vWFKmsp97iFKeqzR5QzEROGEKQUSxPNLiFIsDKxM\",\"user-agent\":\"PostmanRuntime/7.43.0\",\"accept\":\"*/*\",\"postman-token\":\"ad489cf3-2dfe-40a0-82ed-8f1a05ffd5b7\",\"host\":\"192.168.1.3:8888\",\"accept-encoding\":\"gzip, deflate, br\",\"connection\":\"keep-alive\",\"content-type\":\"multipart/form-data; boundary=--------------------------324903523472981414646152\",\"content-length\":\"17150\"}","timestamp":"2024-12-24T07:04:39.342Z"}
{"level":"info","message":"Request Body: {}","timestamp":"2024-12-24T07:04:39.344Z"}
{"level":"info","message":"Request Files: undefined","timestamp":"2024-12-24T07:04:39.345Z"}
{"level":"info","message":"Hello, Winston!","timestamp":"2024-12-24T07:05:09.241Z"}
{"level":"warn","message":"This is a warning message.","timestamp":"2024-12-24T07:05:09.243Z"}
{"level":"error","message":"This is an error message.","timestamp":"2024-12-24T07:05:09.244Z"}
{"level":"info","message":"This is an information message.","timestamp":"2024-12-24T07:05:09.244Z"}
{"ip":"192.168.1.1","level":"info","message":"User logged in","timestamp":"2024-12-24T07:05:09.245Z","username":"johndoe"}
{"level":"info","message":"DC Epress is up","timestamp":"2024-12-24T07:05:09.926Z"}
{"level":"info","message":"app is runing: 8888","timestamp":"2024-12-24T07:05:09.927Z"}
{"level":"warn","message":"env: dcommerce_express_dev","timestamp":"2024-12-24T07:05:09.928Z"}
{"level":"info","message":"client_db Connection established","timestamp":"2024-12-24T07:05:10.099Z"}
{"level":"info","message":"Database client is synchronized","timestamp":"2024-12-24T07:05:12.344Z"}
{"level":"info","message":"Received file type: image/png","timestamp":"2024-12-24T07:08:15.809Z"}
{"level":"info","message":"Hello, Winston!","timestamp":"2024-12-24T07:08:47.777Z"}
{"level":"warn","message":"This is a warning message.","timestamp":"2024-12-24T07:08:47.779Z"}
{"level":"error","message":"This is an error message.","timestamp":"2024-12-24T07:08:47.780Z"}
{"level":"info","message":"This is an information message.","timestamp":"2024-12-24T07:08:47.780Z"}
{"ip":"192.168.1.1","level":"info","message":"User logged in","timestamp":"2024-12-24T07:08:47.781Z","username":"johndoe"}
{"level":"info","message":"DC Epress is up","timestamp":"2024-12-24T07:08:48.451Z"}
{"level":"info","message":"app is runing: 8888","timestamp":"2024-12-24T07:08:48.452Z"}
{"level":"warn","message":"env: dcommerce_express_dev","timestamp":"2024-12-24T07:08:48.453Z"}
{"level":"info","message":"client_db Connection established","timestamp":"2024-12-24T07:08:48.617Z"}
{"level":"info","message":"Database client is synchronized","timestamp":"2024-12-24T07:08:50.895Z"}
{"level":"info","message":"Received file type: image/png","timestamp":"2024-12-24T07:08:55.058Z"}
{"level":"info","message":"Hello, Winston!","timestamp":"2024-12-24T07:09:14.565Z"}
{"level":"warn","message":"This is a warning message.","timestamp":"2024-12-24T07:09:14.567Z"}
{"level":"error","message":"This is an error message.","timestamp":"2024-12-24T07:09:14.568Z"}
{"level":"info","message":"This is an information message.","timestamp":"2024-12-24T07:09:14.568Z"}
{"ip":"192.168.1.1","level":"info","message":"User logged in","timestamp":"2024-12-24T07:09:14.568Z","username":"johndoe"}
{"level":"info","message":"DC Epress is up","timestamp":"2024-12-24T07:09:15.117Z"}
{"level":"info","message":"app is runing: 8888","timestamp":"2024-12-24T07:09:15.118Z"}
{"level":"warn","message":"env: dcommerce_express_dev","timestamp":"2024-12-24T07:09:15.119Z"}
{"level":"info","message":"client_db Connection established","timestamp":"2024-12-24T07:09:15.295Z"}
{"level":"info","message":"Database client is synchronized","timestamp":"2024-12-24T07:09:17.985Z"}
{"level":"info","message":"Received file type: image/png","timestamp":"2024-12-24T07:09:20.590Z"}
{"level":"info","message":"Hello, Winston!","timestamp":"2024-12-24T07:10:15.827Z"}
{"level":"warn","message":"This is a warning message.","timestamp":"2024-12-24T07:10:15.829Z"}
{"level":"error","message":"This is an error message.","timestamp":"2024-12-24T07:10:15.831Z"}
{"level":"info","message":"This is an information message.","timestamp":"2024-12-24T07:10:15.831Z"}
{"ip":"192.168.1.1","level":"info","message":"User logged in","timestamp":"2024-12-24T07:10:15.832Z","username":"johndoe"}
{"level":"info","message":"DC Epress is up","timestamp":"2024-12-24T07:10:16.386Z"}
{"level":"info","message":"app is runing: 8888","timestamp":"2024-12-24T07:10:16.386Z"}
{"level":"warn","message":"env: dcommerce_express_dev","timestamp":"2024-12-24T07:10:16.387Z"}
{"level":"info","message":"client_db Connection established","timestamp":"2024-12-24T07:10:16.728Z"}
{"level":"info","message":"Database client is synchronized","timestamp":"2024-12-24T07:10:19.008Z"}
{"level":"info","message":"Received file type: image/png","timestamp":"2024-12-24T07:10:29.349Z"}
{"level":"info","message":"JSON DATA {\n  \"recipientTel\": \"774629433\",\n  \"recipientTelName\": \"Siyoun\",\n  \"recipientAddress\": \"Dongdok, VTE LAOS\",\n  \"riderFee\": 50000.0,\n  \"status\": \"OPEN\",\n  \"productCategory\": \"OTHER\",\n  \"isActive\": true,\n  \"merchantId\":2,\n  \"riderId\":null\n}","timestamp":"2024-12-24T07:10:29.362Z"}
{"level":"info","message":"FILE DATA [object Object]","timestamp":"2024-12-24T07:10:29.364Z"}
{"level":"info","message":"Hello, Winston!","timestamp":"2024-12-24T07:10:47.111Z"}
{"level":"warn","message":"This is a warning message.","timestamp":"2024-12-24T07:10:47.113Z"}
{"level":"error","message":"This is an error message.","timestamp":"2024-12-24T07:10:47.114Z"}
{"level":"info","message":"This is an information message.","timestamp":"2024-12-24T07:10:47.114Z"}
{"ip":"192.168.1.1","level":"info","message":"User logged in","timestamp":"2024-12-24T07:10:47.114Z","username":"johndoe"}
{"level":"info","message":"DC Epress is up","timestamp":"2024-12-24T07:10:47.705Z"}
{"level":"info","message":"app is runing: 8888","timestamp":"2024-12-24T07:10:47.706Z"}
{"level":"warn","message":"env: dcommerce_express_dev","timestamp":"2024-12-24T07:10:47.707Z"}
{"level":"info","message":"client_db Connection established","timestamp":"2024-12-24T07:10:47.928Z"}
{"level":"info","message":"Database client is synchronized","timestamp":"2024-12-24T07:10:50.888Z"}
{"level":"info","message":"Received file type: image/png","timestamp":"2024-12-24T07:10:52.059Z"}
{"level":"info","message":"JSON DATA {\n  \"recipientTel\": \"774629433\",\n  \"recipientTelName\": \"Siyoun\",\n  \"recipientAddress\": \"Dongdok, VTE LAOS\",\n  \"riderFee\": 50000.0,\n  \"status\": \"OPEN\",\n  \"productCategory\": \"OTHER\",\n  \"isActive\": true,\n  \"merchantId\":2,\n  \"riderId\":null\n}","timestamp":"2024-12-24T07:10:52.072Z"}
{"level":"info","message":"FILE DATA [object Object]","timestamp":"2024-12-24T07:10:52.073Z"}
{"level":"info","message":"Received file type: application/octet-stream","timestamp":"2024-12-24T07:15:49.150Z"}
{"level":"info","message":"Received file type: application/octet-stream","timestamp":"2024-12-24T07:16:29.646Z"}
{"level":"info","message":"Received file type: application/octet-stream","timestamp":"2024-12-24T07:19:12.642Z"}
{"level":"info","message":"Received file type: image/jpeg","timestamp":"2024-12-24T07:21:35.752Z"}
{"level":"info","message":"JSON DATA {\"recipientTel\":\"774777239\",\"recipientTelName\":\"kola\",\"recipientAddress\":\"xiengngern\",\"riderFee\":30000.0,\"status\":\"OPEN\",\"productCategory\":\"FOOD\",\"isActive\":true,\"merchantId\":1}","timestamp":"2024-12-24T07:21:35.831Z"}
{"level":"info","message":"FILE DATA [object Object]","timestamp":"2024-12-24T07:21:35.840Z"}
{"level":"info","message":"Received file type: image/jpeg","timestamp":"2024-12-24T07:21:55.894Z"}
{"level":"info","message":"JSON DATA {\"recipientTel\":\"774777239\",\"recipientTelName\":\"kola\",\"recipientAddress\":\"xiengngern\",\"riderFee\":30000.0,\"status\":\"OPEN\",\"productCategory\":\"FOOD\",\"isActive\":true,\"merchantId\":1}","timestamp":"2024-12-24T07:21:55.913Z"}
{"level":"info","message":"FILE DATA [object Object]","timestamp":"2024-12-24T07:21:55.914Z"}
{"level":"info","message":"Hello, Winston!","timestamp":"2024-12-24T07:22:26.403Z"}
{"level":"warn","message":"This is a warning message.","timestamp":"2024-12-24T07:22:26.405Z"}
{"level":"error","message":"This is an error message.","timestamp":"2024-12-24T07:22:26.406Z"}
{"level":"info","message":"This is an information message.","timestamp":"2024-12-24T07:22:26.406Z"}
{"ip":"192.168.1.1","level":"info","message":"User logged in","timestamp":"2024-12-24T07:22:26.407Z","username":"johndoe"}
{"level":"info","message":"DC Epress is up","timestamp":"2024-12-24T07:22:28.436Z"}
{"level":"info","message":"app is runing: 8888","timestamp":"2024-12-24T07:22:28.438Z"}
{"level":"warn","message":"env: dcommerce_express_dev","timestamp":"2024-12-24T07:22:28.439Z"}
{"level":"info","message":"client_db Connection established","timestamp":"2024-12-24T07:22:28.770Z"}
{"level":"info","message":"Database client is synchronized","timestamp":"2024-12-24T07:22:31.116Z"}
{"level":"info","message":"Received file type: image/jpeg","timestamp":"2024-12-24T07:22:40.283Z"}
{"level":"info","message":"JSON DATA {\"recipientTel\":\"774777239\",\"recipientTelName\":\"kola\",\"recipientAddress\":\"xiengngern\",\"riderFee\":30000.0,\"status\":\"OPEN\",\"productCategory\":\"FOOD\",\"isActive\":true,\"merchantId\":1}","timestamp":"2024-12-24T07:22:40.323Z"}
{"level":"info","message":"FILE DATA [object Object]","timestamp":"2024-12-24T07:22:40.326Z"}
{"level":"info","message":"JSON DATA {\"recipientTel\":\"774777239\",\"recipientTelName\":\"Xwell\",\"recipientAddress\":\"xiengngern\",\"riderFee\":10000.0,\"status\":\"OPEN\",\"productCategory\":\"OTHER\",\"isActive\":true,\"merchantId\":1}","timestamp":"2024-12-24T07:25:39.993Z"}
{"level":"info","message":"FILE DATA ","timestamp":"2024-12-24T07:25:40.002Z"}
{"level":"info","message":"Hello, Winston!","timestamp":"2024-12-24T22:43:39.023Z"}
{"level":"warn","message":"This is a warning message.","timestamp":"2024-12-24T22:43:39.025Z"}
{"level":"error","message":"This is an error message.","timestamp":"2024-12-24T22:43:39.026Z"}
{"level":"info","message":"This is an information message.","timestamp":"2024-12-24T22:43:39.026Z"}
{"ip":"192.168.1.1","level":"info","message":"User logged in","timestamp":"2024-12-24T22:43:39.027Z","username":"johndoe"}
{"level":"info","message":"DC Epress is up","timestamp":"2024-12-24T22:43:39.715Z"}
{"level":"info","message":"app is runing: 8888","timestamp":"2024-12-24T22:43:39.716Z"}
{"level":"warn","message":"env: dcommerce_express_dev","timestamp":"2024-12-24T22:43:39.717Z"}
{"level":"info","message":"client_db Connection established","timestamp":"2024-12-24T22:43:39.891Z"}
{"level":"info","message":"Hello, Winston!","timestamp":"2024-12-24T22:43:42.583Z"}
{"level":"warn","message":"This is a warning message.","timestamp":"2024-12-24T22:43:42.585Z"}
{"level":"error","message":"This is an error message.","timestamp":"2024-12-24T22:43:42.586Z"}
{"level":"info","message":"This is an information message.","timestamp":"2024-12-24T22:43:42.587Z"}
{"ip":"192.168.1.1","level":"info","message":"User logged in","timestamp":"2024-12-24T22:43:42.587Z","username":"johndoe"}
{"level":"info","message":"DC Epress is up","timestamp":"2024-12-24T22:43:42.991Z"}
{"level":"info","message":"app is runing: 8888","timestamp":"2024-12-24T22:43:42.992Z"}
{"level":"warn","message":"env: dcommerce_express_dev","timestamp":"2024-12-24T22:43:42.994Z"}
{"level":"info","message":"client_db Connection established","timestamp":"2024-12-24T22:43:43.171Z"}
{"level":"info","message":"Hello, Winston!","timestamp":"2024-12-24T22:44:52.508Z"}
{"level":"warn","message":"This is a warning message.","timestamp":"2024-12-24T22:44:52.511Z"}
{"level":"error","message":"This is an error message.","timestamp":"2024-12-24T22:44:52.511Z"}
{"level":"info","message":"This is an information message.","timestamp":"2024-12-24T22:44:52.512Z"}
{"ip":"192.168.1.1","level":"info","message":"User logged in","timestamp":"2024-12-24T22:44:52.512Z","username":"johndoe"}
{"level":"info","message":"DC Epress is up","timestamp":"2024-12-24T22:44:53.066Z"}
{"level":"info","message":"app is runing: 8888","timestamp":"2024-12-24T22:44:53.067Z"}
{"level":"warn","message":"env: dcommerce_express_dev","timestamp":"2024-12-24T22:44:53.067Z"}
{"level":"info","message":"client_db Connection established","timestamp":"2024-12-24T22:44:53.295Z"}
{"level":"info","message":"Hello, Winston!","timestamp":"2024-12-24T22:46:26.026Z"}
{"level":"warn","message":"This is a warning message.","timestamp":"2024-12-24T22:46:26.028Z"}
{"level":"error","message":"This is an error message.","timestamp":"2024-12-24T22:46:26.029Z"}
{"level":"info","message":"This is an information message.","timestamp":"2024-12-24T22:46:26.029Z"}
{"ip":"192.168.1.1","level":"info","message":"User logged in","timestamp":"2024-12-24T22:46:26.030Z","username":"johndoe"}
{"level":"info","message":"DC Epress is up","timestamp":"2024-12-24T22:46:26.624Z"}
{"level":"info","message":"app is runing: 8888","timestamp":"2024-12-24T22:46:26.624Z"}
{"level":"warn","message":"env: dcommerce_express_dev","timestamp":"2024-12-24T22:46:26.625Z"}
{"level":"info","message":"client_db Connection established","timestamp":"2024-12-24T22:46:26.806Z"}
{"level":"info","message":"Database client is synchronized","timestamp":"2024-12-24T22:46:28.996Z"}
{"level":"info","message":"Hello, Winston!","timestamp":"2024-12-24T22:48:25.747Z"}
{"level":"warn","message":"This is a warning message.","timestamp":"2024-12-24T22:48:25.750Z"}
{"level":"error","message":"This is an error message.","timestamp":"2024-12-24T22:48:25.750Z"}
{"level":"info","message":"This is an information message.","timestamp":"2024-12-24T22:48:25.751Z"}
{"ip":"192.168.1.1","level":"info","message":"User logged in","timestamp":"2024-12-24T22:48:25.751Z","username":"johndoe"}
{"level":"info","message":"DC Epress is up","timestamp":"2024-12-24T22:48:26.404Z"}
{"level":"info","message":"app is runing: 8888","timestamp":"2024-12-24T22:48:26.405Z"}
{"level":"warn","message":"env: dcommerce_express_dev","timestamp":"2024-12-24T22:48:26.406Z"}
{"level":"info","message":"client_db Connection established","timestamp":"2024-12-24T22:48:26.587Z"}
{"level":"info","message":"Database client is synchronized","timestamp":"2024-12-24T22:48:29.296Z"}
{"level":"info","message":"Hello, Winston!","timestamp":"2024-12-25T00:10:21.970Z"}
{"level":"warn","message":"This is a warning message.","timestamp":"2024-12-25T00:10:21.973Z"}
{"level":"error","message":"This is an error message.","timestamp":"2024-12-25T00:10:21.974Z"}
{"level":"info","message":"This is an information message.","timestamp":"2024-12-25T00:10:21.974Z"}
{"ip":"192.168.1.1","level":"info","message":"User logged in","timestamp":"2024-12-25T00:10:21.977Z","username":"johndoe"}
{"level":"info","message":"DC Epress is up","timestamp":"2024-12-25T00:10:23.718Z"}
{"level":"info","message":"app is runing: 8888","timestamp":"2024-12-25T00:10:23.719Z"}
{"level":"warn","message":"env: dcommerce_express_dev","timestamp":"2024-12-25T00:10:23.720Z"}
{"level":"error","message":"client_db Connection error: (conn:-1, no: 45012, SQLState: 08S01) Connection timeout: failed to create socket after 1004ms","name":"SequelizeConnectionError","original":{"code":"ER_CONNECTION_TIMEOUT","errno":45012,"fatal":true,"name":"SqlError","sql":null,"sqlMessage":"Connection timeout: failed to create socket after 1004ms","sqlState":"08S01"},"parent":{"code":"ER_CONNECTION_TIMEOUT","errno":45012,"fatal":true,"name":"SqlError","sql":null,"sqlMessage":"Connection timeout: failed to create socket after 1004ms","sqlState":"08S01"},"stack":"SequelizeConnectionError: (conn:-1, no: 45012, SQLState: 08S01) Connection timeout: failed to create socket after 1004ms\n    at ConnectionManager.connect (/Users/soubinkittiphanh/Desktop/Pro/dc_express_api/node_modules/sequelize/lib/dialects/mariadb/connection-manager.js:100:17)\n    at processTicksAndRejections (node:internal/process/task_queues:96:5)\n    at async ConnectionManager._connect (/Users/soubinkittiphanh/Desktop/Pro/dc_express_api/node_modules/sequelize/lib/dialects/abstract/connection-manager.js:222:24)\n    at async /Users/soubinkittiphanh/Desktop/Pro/dc_express_api/node_modules/sequelize/lib/dialects/abstract/connection-manager.js:174:32","timestamp":"2024-12-25T00:10:24.715Z"}
{"level":"info","message":"Hello, Winston!","timestamp":"2024-12-25T00:10:26.499Z"}
{"level":"warn","message":"This is a warning message.","timestamp":"2024-12-25T00:10:26.501Z"}
{"level":"error","message":"This is an error message.","timestamp":"2024-12-25T00:10:26.502Z"}
{"level":"info","message":"This is an information message.","timestamp":"2024-12-25T00:10:26.502Z"}
{"ip":"192.168.1.1","level":"info","message":"User logged in","timestamp":"2024-12-25T00:10:26.503Z","username":"johndoe"}
{"level":"info","message":"DC Epress is up","timestamp":"2024-12-25T00:10:27.671Z"}
{"level":"info","message":"app is runing: 8888","timestamp":"2024-12-25T00:10:27.672Z"}
{"level":"warn","message":"env: dcommerce_express_dev","timestamp":"2024-12-25T00:10:27.673Z"}
{"level":"info","message":"client_db Connection established","timestamp":"2024-12-25T00:10:27.852Z"}
{"level":"info","message":"Database client is synchronized","timestamp":"2024-12-25T00:10:30.128Z"}
{"level":"info","message":"Hello, Winston!","timestamp":"2024-12-25T00:11:17.309Z"}
{"level":"warn","message":"This is a warning message.","timestamp":"2024-12-25T00:11:17.314Z"}
{"level":"error","message":"This is an error message.","timestamp":"2024-12-25T00:11:17.316Z"}
{"level":"info","message":"This is an information message.","timestamp":"2024-12-25T00:11:17.317Z"}
{"ip":"192.168.1.1","level":"info","message":"User logged in","timestamp":"2024-12-25T00:11:17.318Z","username":"johndoe"}
{"level":"info","message":"DC Epress is up","timestamp":"2024-12-25T00:11:18.669Z"}
{"level":"info","message":"app is runing: 8888","timestamp":"2024-12-25T00:11:18.670Z"}
{"level":"warn","message":"env: dcommerce_express_dev","timestamp":"2024-12-25T00:11:18.671Z"}
{"level":"info","message":"client_db Connection established","timestamp":"2024-12-25T00:11:19.185Z"}
{"level":"info","message":"Database client is synchronized","timestamp":"2024-12-25T00:11:21.784Z"}
{"level":"info","message":"Hello, Winston!","timestamp":"2025-02-08T09:08:35.329Z"}
{"level":"warn","message":"This is a warning message.","timestamp":"2025-02-08T09:08:35.332Z"}
{"level":"error","message":"This is an error message.","timestamp":"2025-02-08T09:08:35.333Z"}
{"level":"info","message":"This is an information message.","timestamp":"2025-02-08T09:08:35.333Z"}
{"ip":"192.168.1.1","level":"info","message":"User logged in","timestamp":"2025-02-08T09:08:35.333Z","username":"johndoe"}
{"level":"info","message":"DC Epress is up","timestamp":"2025-02-08T09:08:36.299Z"}
{"level":"info","message":"app is runing: 8888","timestamp":"2025-02-08T09:08:36.300Z"}
{"level":"warn","message":"env: dcommerce_express_dev","timestamp":"2025-02-08T09:08:36.302Z"}
{"level":"info","message":"client_db Connection established","timestamp":"2025-02-08T09:08:37.291Z"}
{"level":"info","message":"Database client is synchronized","timestamp":"2025-02-08T09:08:44.172Z"}
{"level":"info","message":"Hello, Winston!","timestamp":"2025-02-08T09:30:39.873Z"}
{"level":"warn","message":"This is a warning message.","timestamp":"2025-02-08T09:30:39.876Z"}
{"level":"error","message":"This is an error message.","timestamp":"2025-02-08T09:30:39.876Z"}
{"level":"info","message":"This is an information message.","timestamp":"2025-02-08T09:30:39.877Z"}
{"ip":"192.168.1.1","level":"info","message":"User logged in","timestamp":"2025-02-08T09:30:39.877Z","username":"johndoe"}
{"level":"info","message":"DC Epress is up","timestamp":"2025-02-08T09:30:40.568Z"}
{"level":"info","message":"app is runing: 8888","timestamp":"2025-02-08T09:30:40.569Z"}
{"level":"warn","message":"env: dcommerce_express_dev","timestamp":"2025-02-08T09:30:40.570Z"}
{"level":"info","message":"client_db Connection established","timestamp":"2025-02-08T09:30:41.643Z"}
{"level":"info","message":"Database client is synchronized","timestamp":"2025-02-08T09:30:49.398Z"}
{"level":"info","message":"Hello, Winston!","timestamp":"2025-02-08T10:03:14.377Z"}
{"level":"warn","message":"This is a warning message.","timestamp":"2025-02-08T10:03:14.379Z"}
{"level":"error","message":"This is an error message.","timestamp":"2025-02-08T10:03:14.380Z"}
{"level":"info","message":"This is an information message.","timestamp":"2025-02-08T10:03:14.380Z"}
{"ip":"192.168.1.1","level":"info","message":"User logged in","timestamp":"2025-02-08T10:03:14.381Z","username":"johndoe"}
{"level":"info","message":"DC Epress is up","timestamp":"2025-02-08T10:03:14.906Z"}
{"level":"info","message":"app is runing: 8888","timestamp":"2025-02-08T10:03:14.907Z"}
{"level":"warn","message":"env: dcommerce_express_dev","timestamp":"2025-02-08T10:03:14.908Z"}
{"level":"info","message":"client_db Connection established","timestamp":"2025-02-08T10:03:16.081Z"}
{"level":"info","message":"Database client is synchronized","timestamp":"2025-02-08T10:03:29.523Z"}
{"level":"info","message":"Hello, Winston!","timestamp":"2025-02-08T10:41:07.692Z"}
{"level":"warn","message":"This is a warning message.","timestamp":"2025-02-08T10:41:07.694Z"}
{"level":"error","message":"This is an error message.","timestamp":"2025-02-08T10:41:07.695Z"}
{"level":"info","message":"This is an information message.","timestamp":"2025-02-08T10:41:07.695Z"}
{"ip":"192.168.1.1","level":"info","message":"User logged in","timestamp":"2025-02-08T10:41:07.696Z","username":"johndoe"}
{"level":"info","message":"DC Epress is up","timestamp":"2025-02-08T10:41:08.198Z"}
{"level":"info","message":"app is runing: 8888","timestamp":"2025-02-08T10:41:08.199Z"}
{"level":"warn","message":"env: dcommerce_express_dev","timestamp":"2025-02-08T10:41:08.200Z"}
{"level":"info","message":"client_db Connection established","timestamp":"2025-02-08T10:41:08.944Z"}
{"level":"info","message":"Database client is synchronized","timestamp":"2025-02-08T10:41:17.194Z"}
{"level":"info","message":"Hello, Winston!","timestamp":"2025-02-08T11:00:44.299Z"}
{"level":"warn","message":"This is a warning message.","timestamp":"2025-02-08T11:00:44.302Z"}
{"level":"error","message":"This is an error message.","timestamp":"2025-02-08T11:00:44.302Z"}
{"level":"info","message":"This is an information message.","timestamp":"2025-02-08T11:00:44.303Z"}
{"ip":"192.168.1.1","level":"info","message":"User logged in","timestamp":"2025-02-08T11:00:44.303Z","username":"johndoe"}
{"level":"info","message":"DC Epress is up","timestamp":"2025-02-08T11:00:44.860Z"}
{"level":"info","message":"app is runing: 8888","timestamp":"2025-02-08T11:00:44.861Z"}
{"level":"warn","message":"env: dcommerce_express_dev","timestamp":"2025-02-08T11:00:44.861Z"}
{"level":"info","message":"client_db Connection established","timestamp":"2025-02-08T11:00:45.552Z"}
{"level":"info","message":"Database client is synchronized","timestamp":"2025-02-08T11:00:52.646Z"}
{"level":"warn","message":"RESPONSE []","timestamp":"2025-02-08T11:01:02.518Z"}
{"level":"info","message":"Hello, Winston!","timestamp":"2025-02-08T12:39:53.079Z"}
{"level":"warn","message":"This is a warning message.","timestamp":"2025-02-08T12:39:53.081Z"}
{"level":"error","message":"This is an error message.","timestamp":"2025-02-08T12:39:53.082Z"}
{"level":"info","message":"This is an information message.","timestamp":"2025-02-08T12:39:53.082Z"}
{"ip":"192.168.1.1","level":"info","message":"User logged in","timestamp":"2025-02-08T12:39:53.083Z","username":"johndoe"}
{"level":"info","message":"DC Epress is up","timestamp":"2025-02-08T12:39:53.614Z"}
{"level":"info","message":"app is runing: 8888","timestamp":"2025-02-08T12:39:53.615Z"}
{"level":"warn","message":"env: dcommerce_express_dev","timestamp":"2025-02-08T12:39:53.616Z"}
{"level":"info","message":"client_db Connection established","timestamp":"2025-02-08T12:39:53.800Z"}
{"level":"info","message":"Database client is synchronized","timestamp":"2025-02-08T12:39:56.315Z"}
{"level":"info","message":"Hello, Winston!","timestamp":"2025-02-08T12:45:23.051Z"}
{"level":"warn","message":"This is a warning message.","timestamp":"2025-02-08T12:45:23.053Z"}
{"level":"error","message":"This is an error message.","timestamp":"2025-02-08T12:45:23.054Z"}
{"level":"info","message":"This is an information message.","timestamp":"2025-02-08T12:45:23.054Z"}
{"ip":"192.168.1.1","level":"info","message":"User logged in","timestamp":"2025-02-08T12:45:23.055Z","username":"johndoe"}
{"level":"info","message":"DC Epress is up","timestamp":"2025-02-08T12:45:23.606Z"}
{"level":"info","message":"app is runing: 8888","timestamp":"2025-02-08T12:45:23.606Z"}
{"level":"warn","message":"env: dcommerce_express_dev","timestamp":"2025-02-08T12:45:23.607Z"}
{"level":"info","message":"client_db Connection established","timestamp":"2025-02-08T12:45:23.795Z"}
{"level":"info","message":"Database client is synchronized","timestamp":"2025-02-08T12:45:26.313Z"}
{"level":"warn","message":"ORDER PRICE DET 19 orderId 3","timestamp":"2025-02-08T12:53:41.382Z"}
{"level":"warn","message":"RESPONSE []","timestamp":"2025-02-08T12:53:41.402Z"}
{"level":"warn","message":"ORDER PRICE DET 19 orderId 3","timestamp":"2025-02-08T12:54:08.312Z"}
{"level":"warn","message":"RESPONSE [{\"id\":19,\"price\":50000,\"priceStatus\":\"ACCEPT\",\"isActive\":true,\"createdAt\":\"2025-02-08T10:42:43.000Z\",\"updateTimestamp\":\"2025-02-08T12:53:41.000Z\",\"riderId\":1,\"merchantId\":null,\"orderId\":3}]","timestamp":"2025-02-08T12:54:08.338Z"}
{"level":"warn","message":"ORDER PRICE DET 19 orderId 3","timestamp":"2025-02-08T12:54:52.329Z"}
{"level":"warn","message":"RESPONSE [{\"id\":19,\"price\":50000,\"priceStatus\":\"ACCEPT\",\"isActive\":true,\"createdAt\":\"2025-02-08T10:42:43.000Z\",\"updateTimestamp\":\"2025-02-08T12:53:41.000Z\",\"riderId\":1,\"merchantId\":null,\"orderId\":3}]","timestamp":"2025-02-08T12:54:52.349Z"}
{"level":"warn","message":"ORDER PRICE DET 19 orderId 3","timestamp":"2025-02-08T12:54:58.245Z"}
{"level":"warn","message":"RESPONSE [{\"id\":19,\"price\":50000,\"priceStatus\":\"ACCEPT\",\"isActive\":true,\"createdAt\":\"2025-02-08T10:42:43.000Z\",\"updateTimestamp\":\"2025-02-08T12:53:41.000Z\",\"riderId\":1,\"merchantId\":null,\"orderId\":3}]","timestamp":"2025-02-08T12:54:58.263Z"}
{"level":"warn","message":"ORDER PRICE DET 19 orderId 3","timestamp":"2025-02-08T12:59:09.068Z"}
{"level":"warn","message":"ORDER PRICE DET 19 orderId 3","timestamp":"2025-02-08T12:59:10.686Z"}
{"level":"warn","message":"ORDER PRICE DET 19 orderId 3","timestamp":"2025-02-08T12:59:16.951Z"}
{"level":"error","message":"Error updating order price: read ETIMEDOUT","name":"SequelizeDatabaseError","original":{"code":"ETIMEDOUT","errno":-60,"fatal":true,"sql":"SELECT `id`, `price`, `priceStatus`, `isActive`, `createdAt`, `updateTimestamp`, `riderId`, `merchantId`, `orderId` FROM `orderPrice` AS `orderPrice` WHERE `orderPrice`.`orderId` = 3 AND `orderPrice`.`priceStatus` = 'ACCEPT';","sqlState":"HY000","syscall":"read"},"parameters":{},"parent":{"code":"ETIMEDOUT","errno":-60,"fatal":true,"sql":"SELECT `id`, `price`, `priceStatus`, `isActive`, `createdAt`, `updateTimestamp`, `riderId`, `merchantId`, `orderId` FROM `orderPrice` AS `orderPrice` WHERE `orderPrice`.`orderId` = 3 AND `orderPrice`.`priceStatus` = 'ACCEPT';","sqlState":"HY000","syscall":"read"},"sql":"SELECT `id`, `price`, `priceStatus`, `isActive`, `createdAt`, `updateTimestamp`, `riderId`, `merchantId`, `orderId` FROM `orderPrice` AS `orderPrice` WHERE `orderPrice`.`orderId` = 3 AND `orderPrice`.`priceStatus` = 'ACCEPT';","stack":"Error\n    at Query.run (/Users/soubinkittiphanh/Desktop/Pro/dc_express_api/node_modules/sequelize/lib/dialects/mariadb/query.js:53:25)\n    at /Users/soubinkittiphanh/Desktop/Pro/dc_express_api/node_modules/sequelize/lib/sequelize.js:315:28\n    at processTicksAndRejections (node:internal/process/task_queues:96:5)\n    at async MySQLQueryInterface.select (/Users/soubinkittiphanh/Desktop/Pro/dc_express_api/node_modules/sequelize/lib/dialects/abstract/query-interface.js:407:12)\n    at async Function.findAll (/Users/soubinkittiphanh/Desktop/Pro/dc_express_api/node_modules/sequelize/lib/model.js:1140:21)\n    at async acceptOrderPrice (/Users/soubinkittiphanh/Desktop/Pro/dc_express_api/src/model/ordersPricing/controller.js:22:28)","timestamp":"2025-02-08T12:59:27.152Z"}
{"level":"error","message":"Error updating order price: read ETIMEDOUT","name":"SequelizeDatabaseError","original":{"code":"ETIMEDOUT","errno":-60,"fatal":true,"sql":"SELECT `id`, `price`, `priceStatus`, `isActive`, `createdAt`, `updateTimestamp`, `riderId`, `merchantId`, `orderId` FROM `orderPrice` AS `orderPrice` WHERE `orderPrice`.`orderId` = 3 AND `orderPrice`.`priceStatus` = 'ACCEPT';","sqlState":"HY000","syscall":"read"},"parameters":{},"parent":{"code":"ETIMEDOUT","errno":-60,"fatal":true,"sql":"SELECT `id`, `price`, `priceStatus`, `isActive`, `createdAt`, `updateTimestamp`, `riderId`, `merchantId`, `orderId` FROM `orderPrice` AS `orderPrice` WHERE `orderPrice`.`orderId` = 3 AND `orderPrice`.`priceStatus` = 'ACCEPT';","sqlState":"HY000","syscall":"read"},"sql":"SELECT `id`, `price`, `priceStatus`, `isActive`, `createdAt`, `updateTimestamp`, `riderId`, `merchantId`, `orderId` FROM `orderPrice` AS `orderPrice` WHERE `orderPrice`.`orderId` = 3 AND `orderPrice`.`priceStatus` = 'ACCEPT';","stack":"Error\n    at Query.run (/Users/soubinkittiphanh/Desktop/Pro/dc_express_api/node_modules/sequelize/lib/dialects/mariadb/query.js:53:25)\n    at /Users/soubinkittiphanh/Desktop/Pro/dc_express_api/node_modules/sequelize/lib/sequelize.js:315:28\n    at processTicksAndRejections (node:internal/process/task_queues:96:5)\n    at async MySQLQueryInterface.select (/Users/soubinkittiphanh/Desktop/Pro/dc_express_api/node_modules/sequelize/lib/dialects/abstract/query-interface.js:407:12)\n    at async Function.findAll (/Users/soubinkittiphanh/Desktop/Pro/dc_express_api/node_modules/sequelize/lib/model.js:1140:21)\n    at async acceptOrderPrice (/Users/soubinkittiphanh/Desktop/Pro/dc_express_api/src/model/ordersPricing/controller.js:22:28)","timestamp":"2025-02-08T12:59:28.771Z"}
{"level":"error","message":"Error updating order price: read ETIMEDOUT","name":"SequelizeDatabaseError","original":{"code":"ETIMEDOUT","errno":-60,"fatal":true,"sql":"SELECT `id`, `price`, `priceStatus`, `isActive`, `createdAt`, `updateTimestamp`, `riderId`, `merchantId`, `orderId` FROM `orderPrice` AS `orderPrice` WHERE `orderPrice`.`orderId` = 3 AND `orderPrice`.`priceStatus` = 'ACCEPT';","sqlState":"HY000","syscall":"read"},"parameters":{},"parent":{"code":"ETIMEDOUT","errno":-60,"fatal":true,"sql":"SELECT `id`, `price`, `priceStatus`, `isActive`, `createdAt`, `updateTimestamp`, `riderId`, `merchantId`, `orderId` FROM `orderPrice` AS `orderPrice` WHERE `orderPrice`.`orderId` = 3 AND `orderPrice`.`priceStatus` = 'ACCEPT';","sqlState":"HY000","syscall":"read"},"sql":"SELECT `id`, `price`, `priceStatus`, `isActive`, `createdAt`, `updateTimestamp`, `riderId`, `merchantId`, `orderId` FROM `orderPrice` AS `orderPrice` WHERE `orderPrice`.`orderId` = 3 AND `orderPrice`.`priceStatus` = 'ACCEPT';","stack":"Error\n    at Query.run (/Users/soubinkittiphanh/Desktop/Pro/dc_express_api/node_modules/sequelize/lib/dialects/mariadb/query.js:53:25)\n    at /Users/soubinkittiphanh/Desktop/Pro/dc_express_api/node_modules/sequelize/lib/sequelize.js:315:28\n    at processTicksAndRejections (node:internal/process/task_queues:96:5)\n    at async MySQLQueryInterface.select (/Users/soubinkittiphanh/Desktop/Pro/dc_express_api/node_modules/sequelize/lib/dialects/abstract/query-interface.js:407:12)\n    at async Function.findAll (/Users/soubinkittiphanh/Desktop/Pro/dc_express_api/node_modules/sequelize/lib/model.js:1140:21)\n    at async acceptOrderPrice (/Users/soubinkittiphanh/Desktop/Pro/dc_express_api/src/model/ordersPricing/controller.js:22:28)","timestamp":"2025-02-08T12:59:35.033Z"}
{"level":"warn","message":"ORDER PRICE DET 19 orderId 3","timestamp":"2025-02-08T13:04:42.890Z"}
{"level":"warn","message":"RESPONSE [{\"id\":19,\"price\":50000,\"priceStatus\":\"ACCEPT\",\"isActive\":true,\"createdAt\":\"2025-02-08T10:42:43.000Z\",\"updateTimestamp\":\"2025-02-08T12:53:41.000Z\",\"riderId\":1,\"merchantId\":null,\"orderId\":3}]","timestamp":"2025-02-08T13:04:42.911Z"}
{"level":"warn","message":"ORDER PRICE DET 19 orderId 3","timestamp":"2025-02-08T13:04:45.929Z"}
{"level":"warn","message":"RESPONSE [{\"id\":19,\"price\":50000,\"priceStatus\":\"ACCEPT\",\"isActive\":true,\"createdAt\":\"2025-02-08T10:42:43.000Z\",\"updateTimestamp\":\"2025-02-08T12:53:41.000Z\",\"riderId\":1,\"merchantId\":null,\"orderId\":3}]","timestamp":"2025-02-08T13:04:45.957Z"}
{"level":"warn","message":"ORDER PRICE DET 19 orderId 3","timestamp":"2025-02-08T13:04:57.283Z"}
{"level":"warn","message":"RESPONSE [{\"id\":19,\"price\":50000,\"priceStatus\":\"ACCEPT\",\"isActive\":true,\"createdAt\":\"2025-02-08T10:42:43.000Z\",\"updateTimestamp\":\"2025-02-08T12:53:41.000Z\",\"riderId\":1,\"merchantId\":null,\"orderId\":3}]","timestamp":"2025-02-08T13:04:57.314Z"}
{"level":"warn","message":"ORDER PRICE DET 19 orderId 3","timestamp":"2025-02-08T13:05:00.980Z"}
{"level":"warn","message":"RESPONSE [{\"id\":19,\"price\":50000,\"priceStatus\":\"ACCEPT\",\"isActive\":true,\"createdAt\":\"2025-02-08T10:42:43.000Z\",\"updateTimestamp\":\"2025-02-08T12:53:41.000Z\",\"riderId\":1,\"merchantId\":null,\"orderId\":3}]","timestamp":"2025-02-08T13:05:01.022Z"}
{"level":"warn","message":"ORDER PRICE DET 19 orderId 3","timestamp":"2025-02-08T13:05:16.513Z"}
{"level":"warn","message":"RESPONSE [{\"id\":19,\"price\":50000,\"priceStatus\":\"ACCEPT\",\"isActive\":true,\"createdAt\":\"2025-02-08T10:42:43.000Z\",\"updateTimestamp\":\"2025-02-08T12:53:41.000Z\",\"riderId\":1,\"merchantId\":null,\"orderId\":3}]","timestamp":"2025-02-08T13:05:16.541Z"}
{"level":"warn","message":"ORDER PRICE DET 19 orderId 3","timestamp":"2025-02-08T13:05:19.262Z"}
{"level":"warn","message":"RESPONSE [{\"id\":19,\"price\":50000,\"priceStatus\":\"ACCEPT\",\"isActive\":true,\"createdAt\":\"2025-02-08T10:42:43.000Z\",\"updateTimestamp\":\"2025-02-08T12:53:41.000Z\",\"riderId\":1,\"merchantId\":null,\"orderId\":3}]","timestamp":"2025-02-08T13:05:19.280Z"}
{"level":"warn","message":"ORDER PRICE DET 19 orderId 3","timestamp":"2025-02-08T13:06:23.858Z"}
{"level":"warn","message":"RESPONSE [{\"id\":19,\"price\":50000,\"priceStatus\":\"ACCEPT\",\"isActive\":true,\"createdAt\":\"2025-02-08T10:42:43.000Z\",\"updateTimestamp\":\"2025-02-08T12:53:41.000Z\",\"riderId\":1,\"merchantId\":null,\"orderId\":3}]","timestamp":"2025-02-08T13:06:23.879Z"}
{"level":"warn","message":"ORDER PRICE DET 19 orderId 3","timestamp":"2025-02-08T13:06:40.834Z"}
{"level":"warn","message":"RESPONSE [{\"id\":19,\"price\":50000,\"priceStatus\":\"ACCEPT\",\"isActive\":true,\"createdAt\":\"2025-02-08T10:42:43.000Z\",\"updateTimestamp\":\"2025-02-08T12:53:41.000Z\",\"riderId\":1,\"merchantId\":null,\"orderId\":3}]","timestamp":"2025-02-08T13:06:40.905Z"}
{"level":"warn","message":"ORDER PRICE DET 19 orderId 3","timestamp":"2025-02-08T13:06:43.418Z"}
{"level":"warn","message":"RESPONSE [{\"id\":19,\"price\":50000,\"priceStatus\":\"ACCEPT\",\"isActive\":true,\"createdAt\":\"2025-02-08T10:42:43.000Z\",\"updateTimestamp\":\"2025-02-08T12:53:41.000Z\",\"riderId\":1,\"merchantId\":null,\"orderId\":3}]","timestamp":"2025-02-08T13:06:43.440Z"}
{"level":"warn","message":"ORDER PRICE DET 19 orderId 3","timestamp":"2025-02-08T13:06:45.776Z"}
{"level":"warn","message":"RESPONSE [{\"id\":19,\"price\":50000,\"priceStatus\":\"ACCEPT\",\"isActive\":true,\"createdAt\":\"2025-02-08T10:42:43.000Z\",\"updateTimestamp\":\"2025-02-08T12:53:41.000Z\",\"riderId\":1,\"merchantId\":null,\"orderId\":3}]","timestamp":"2025-02-08T13:06:45.794Z"}
{"level":"warn","message":"ORDER PRICE DET 19 orderId 3","timestamp":"2025-02-08T13:06:50.750Z"}
{"level":"warn","message":"RESPONSE [{\"id\":19,\"price\":50000,\"priceStatus\":\"ACCEPT\",\"isActive\":true,\"createdAt\":\"2025-02-08T10:42:43.000Z\",\"updateTimestamp\":\"2025-02-08T12:53:41.000Z\",\"riderId\":1,\"merchantId\":null,\"orderId\":3}]","timestamp":"2025-02-08T13:06:50.770Z"}
{"level":"warn","message":"ORDER PRICE DET 20 orderId 3","timestamp":"2025-02-08T13:07:37.500Z"}
{"level":"warn","message":"RESPONSE [{\"id\":19,\"price\":50000,\"priceStatus\":\"ACCEPT\",\"isActive\":true,\"createdAt\":\"2025-02-08T10:42:43.000Z\",\"updateTimestamp\":\"2025-02-08T12:53:41.000Z\",\"riderId\":1,\"merchantId\":null,\"orderId\":3}]","timestamp":"2025-02-08T13:07:37.521Z"}
{"level":"info","message":"Hello, Winston!","timestamp":"2025-02-09T02:09:44.284Z"}
{"level":"warn","message":"This is a warning message.","timestamp":"2025-02-09T02:09:44.286Z"}
{"level":"error","message":"This is an error message.","timestamp":"2025-02-09T02:09:44.287Z"}
{"level":"info","message":"This is an information message.","timestamp":"2025-02-09T02:09:44.287Z"}
{"ip":"192.168.1.1","level":"info","message":"User logged in","timestamp":"2025-02-09T02:09:44.287Z","username":"johndoe"}
{"level":"info","message":"DC Epress is up","timestamp":"2025-02-09T02:09:44.859Z"}
{"level":"info","message":"app is runing: 8888","timestamp":"2025-02-09T02:09:44.860Z"}
{"level":"warn","message":"env: dcommerce_express_dev","timestamp":"2025-02-09T02:09:44.861Z"}
{"level":"info","message":"client_db Connection established","timestamp":"2025-02-09T02:09:45.043Z"}
{"level":"info","message":"Database client is synchronized","timestamp":"2025-02-09T02:09:47.535Z"}
{"level":"info","message":"Received file type: image/jpeg","timestamp":"2025-02-09T02:23:08.822Z"}
{"level":"info","message":"JSON DATA {\"recipientTel\":\"02077483849\",\"recipientTelName\":\"Upcoffee\",\"recipientAddress\":\"Saphanhthong\",\"riderFee\":20000.0,\"status\":\"OPEN\",\"productCategory\":\"FOOD\",\"isActive\":true,\"merchantId\":1}","timestamp":"2025-02-09T02:23:08.848Z"}
{"level":"info","message":"FILE DATA [object Object]","timestamp":"2025-02-09T02:23:08.848Z"}
{"level":"warn","message":"ORDER PRICE DET 22 orderId 14","timestamp":"2025-02-09T02:24:32.928Z"}
{"level":"warn","message":"RESPONSE []","timestamp":"2025-02-09T02:24:32.957Z"}
{"level":"warn","message":"ORDER PRICE DET 22 orderId 14","timestamp":"2025-02-09T02:27:09.703Z"}
{"level":"warn","message":"RESPONSE [{\"id\":22,\"price\":20000,\"priceStatus\":\"ACCEPT\",\"isActive\":true,\"createdAt\":\"2025-02-09T02:24:19.000Z\",\"updateTimestamp\":\"2025-02-09T02:24:32.000Z\",\"riderId\":1,\"merchantId\":null,\"orderId\":14}]","timestamp":"2025-02-09T02:27:09.730Z"}
{"level":"warn","message":"ORDER PRICE DET 23 orderId 5","timestamp":"2025-02-09T03:42:03.536Z"}
{"level":"warn","message":"RESPONSE []","timestamp":"2025-02-09T03:42:03.569Z"}
{"level":"info","message":"Hello, Winston!","timestamp":"2025-02-09T05:35:33.994Z"}
{"level":"warn","message":"This is a warning message.","timestamp":"2025-02-09T05:35:33.997Z"}
{"level":"error","message":"This is an error message.","timestamp":"2025-02-09T05:35:33.998Z"}
{"level":"info","message":"This is an information message.","timestamp":"2025-02-09T05:35:33.998Z"}
{"ip":"192.168.1.1","level":"info","message":"User logged in","timestamp":"2025-02-09T05:35:33.999Z","username":"johndoe"}
{"level":"info","message":"DC Epress is up","timestamp":"2025-02-09T05:35:34.598Z"}
{"level":"info","message":"app is runing: 8888","timestamp":"2025-02-09T05:35:34.600Z"}
{"level":"warn","message":"env: dcommerce_express_dev","timestamp":"2025-02-09T05:35:34.601Z"}
{"level":"error","message":"client_db Connection error: (conn:5386, no: 45012, SQLState: 08S01) Connection timeout: failed to create socket after 1002ms","name":"SequelizeConnectionError","original":{"code":"ER_CONNECTION_TIMEOUT","errno":45012,"fatal":true,"name":"SqlError","sql":null,"sqlMessage":"Connection timeout: failed to create socket after 1002ms","sqlState":"08S01"},"parent":{"code":"ER_CONNECTION_TIMEOUT","errno":45012,"fatal":true,"name":"SqlError","sql":null,"sqlMessage":"Connection timeout: failed to create socket after 1002ms","sqlState":"08S01"},"stack":"SequelizeConnectionError: (conn:5386, no: 45012, SQLState: 08S01) Connection timeout: failed to create socket after 1002ms\n    at ConnectionManager.connect (/Users/soubinkittiphanh/Desktop/Pro/dc_express_api/node_modules/sequelize/lib/dialects/mariadb/connection-manager.js:100:17)\n    at processTicksAndRejections (node:internal/process/task_queues:96:5)\n    at async ConnectionManager._connect (/Users/soubinkittiphanh/Desktop/Pro/dc_express_api/node_modules/sequelize/lib/dialects/abstract/connection-manager.js:222:24)\n    at async /Users/soubinkittiphanh/Desktop/Pro/dc_express_api/node_modules/sequelize/lib/dialects/abstract/connection-manager.js:174:32","timestamp":"2025-02-09T05:35:35.595Z"}
{"level":"info","message":"Hello, Winston!","timestamp":"2025-02-09T05:35:43.421Z"}
{"level":"warn","message":"This is a warning message.","timestamp":"2025-02-09T05:35:43.423Z"}
{"level":"error","message":"This is an error message.","timestamp":"2025-02-09T05:35:43.424Z"}
{"level":"info","message":"This is an information message.","timestamp":"2025-02-09T05:35:43.424Z"}
{"ip":"192.168.1.1","level":"info","message":"User logged in","timestamp":"2025-02-09T05:35:43.425Z","username":"johndoe"}
{"level":"info","message":"DC Epress is up","timestamp":"2025-02-09T05:35:43.910Z"}
{"level":"info","message":"app is runing: 8888","timestamp":"2025-02-09T05:35:43.911Z"}
{"level":"warn","message":"env: dcommerce_express_dev","timestamp":"2025-02-09T05:35:43.912Z"}
{"level":"info","message":"client_db Connection established","timestamp":"2025-02-09T05:35:44.816Z"}
{"level":"info","message":"Database client is synchronized","timestamp":"2025-02-09T05:35:55.855Z"}
{"level":"info","message":"JSON DATA {\"recipientTel\":\"0207789934550\",\"recipientTelName\":\"Kim\",\"recipientAddress\":\"address\",\"riderFee\":20000.0,\"status\":\"OPEN\",\"productCategory\":\"FOOD\",\"isActive\":true,\"merchantId\":1}","timestamp":"2025-02-09T05:55:21.345Z"}
{"level":"info","message":"FILE DATA ","timestamp":"2025-02-09T05:55:21.348Z"}
{"level":"info","message":"Hello, Winston!","timestamp":"2025-02-09T06:27:17.566Z"}
{"level":"warn","message":"This is a warning message.","timestamp":"2025-02-09T06:27:17.568Z"}
{"level":"error","message":"This is an error message.","timestamp":"2025-02-09T06:27:17.569Z"}
{"level":"info","message":"This is an information message.","timestamp":"2025-02-09T06:27:17.569Z"}
{"ip":"192.168.1.1","level":"info","message":"User logged in","timestamp":"2025-02-09T06:27:17.570Z","username":"johndoe"}
{"level":"info","message":"DC Epress is up","timestamp":"2025-02-09T06:27:18.111Z"}
{"level":"info","message":"app is runing: 8888","timestamp":"2025-02-09T06:27:18.112Z"}
{"level":"warn","message":"env: dcommerce_express_dev","timestamp":"2025-02-09T06:27:18.113Z"}
{"level":"info","message":"client_db Connection established","timestamp":"2025-02-09T06:27:18.640Z"}
{"level":"info","message":"Database client is synchronized","timestamp":"2025-02-09T06:27:26.343Z"}
{"level":"info","message":"Hello, Winston!","timestamp":"2025-02-09T06:30:58.419Z"}
{"level":"warn","message":"This is a warning message.","timestamp":"2025-02-09T06:30:58.422Z"}
{"level":"error","message":"This is an error message.","timestamp":"2025-02-09T06:30:58.422Z"}
{"level":"info","message":"This is an information message.","timestamp":"2025-02-09T06:30:58.423Z"}
{"ip":"192.168.1.1","level":"info","message":"User logged in","timestamp":"2025-02-09T06:30:58.423Z","username":"johndoe"}
{"level":"info","message":"DC Epress is up","timestamp":"2025-02-09T06:30:58.923Z"}
{"level":"info","message":"app is runing: 8888","timestamp":"2025-02-09T06:30:58.924Z"}
{"level":"warn","message":"env: dcommerce_express_dev","timestamp":"2025-02-09T06:30:58.925Z"}
{"level":"info","message":"client_db Connection established","timestamp":"2025-02-09T06:30:59.592Z"}
{"level":"info","message":"Database client is synchronized","timestamp":"2025-02-09T06:31:07.467Z"}
{"level":"info","message":"Hello, Winston!","timestamp":"2025-02-09T06:31:42.944Z"}
{"level":"warn","message":"This is a warning message.","timestamp":"2025-02-09T06:31:42.946Z"}
{"level":"error","message":"This is an error message.","timestamp":"2025-02-09T06:31:42.946Z"}
{"level":"info","message":"This is an information message.","timestamp":"2025-02-09T06:31:42.947Z"}
{"ip":"192.168.1.1","level":"info","message":"User logged in","timestamp":"2025-02-09T06:31:42.947Z","username":"johndoe"}
{"level":"info","message":"DC Epress is up","timestamp":"2025-02-09T06:31:43.456Z"}
{"level":"info","message":"app is runing: 8888","timestamp":"2025-02-09T06:31:43.456Z"}
{"level":"warn","message":"env: dcommerce_express_dev","timestamp":"2025-02-09T06:31:43.457Z"}
{"level":"info","message":"client_db Connection established","timestamp":"2025-02-09T06:31:44.240Z"}
{"level":"info","message":"Database client is synchronized","timestamp":"2025-02-09T06:31:54.795Z"}
{"level":"info","message":"Hello, Winston!","timestamp":"2025-02-09T06:40:18.702Z"}
{"level":"warn","message":"This is a warning message.","timestamp":"2025-02-09T06:40:18.704Z"}
{"level":"error","message":"This is an error message.","timestamp":"2025-02-09T06:40:18.705Z"}
{"level":"info","message":"This is an information message.","timestamp":"2025-02-09T06:40:18.705Z"}
{"ip":"192.168.1.1","level":"info","message":"User logged in","timestamp":"2025-02-09T06:40:18.706Z","username":"johndoe"}
{"level":"info","message":"DC Epress is up","timestamp":"2025-02-09T06:40:19.227Z"}
{"level":"info","message":"app is runing: 8888","timestamp":"2025-02-09T06:40:19.228Z"}
{"level":"warn","message":"env: dcommerce_express_dev","timestamp":"2025-02-09T06:40:19.229Z"}
{"level":"info","message":"Hello, Winston!","timestamp":"2025-02-09T06:48:07.994Z"}
{"level":"warn","message":"This is a warning message.","timestamp":"2025-02-09T06:48:07.996Z"}
{"level":"error","message":"This is an error message.","timestamp":"2025-02-09T06:48:07.996Z"}
{"level":"info","message":"This is an information message.","timestamp":"2025-02-09T06:48:07.997Z"}
{"ip":"192.168.1.1","level":"info","message":"User logged in","timestamp":"2025-02-09T06:48:07.997Z","username":"johndoe"}
{"level":"info","message":"DC Epress is up","timestamp":"2025-02-09T06:48:08.502Z"}
{"level":"info","message":"app is runing: 8888","timestamp":"2025-02-09T06:48:08.503Z"}
{"level":"warn","message":"env: dcommerce_express_dev","timestamp":"2025-02-09T06:48:08.504Z"}
{"level":"error","message":"client_db Connection error: (conn:-1, no: 45012, SQLState: 08S01) Connection timeout: failed to create socket after 1003ms","name":"SequelizeConnectionError","original":{"code":"ER_CONNECTION_TIMEOUT","errno":45012,"fatal":true,"name":"SqlError","sql":null,"sqlMessage":"Connection timeout: failed to create socket after 1003ms","sqlState":"08S01"},"parent":{"code":"ER_CONNECTION_TIMEOUT","errno":45012,"fatal":true,"name":"SqlError","sql":null,"sqlMessage":"Connection timeout: failed to create socket after 1003ms","sqlState":"08S01"},"stack":"SequelizeConnectionError: (conn:-1, no: 45012, SQLState: 08S01) Connection timeout: failed to create socket after 1003ms\n    at ConnectionManager.connect (/Users/soubinkittiphanh/Desktop/Pro/dc_express_api/node_modules/sequelize/lib/dialects/mariadb/connection-manager.js:100:17)\n    at processTicksAndRejections (node:internal/process/task_queues:96:5)\n    at async ConnectionManager._connect (/Users/soubinkittiphanh/Desktop/Pro/dc_express_api/node_modules/sequelize/lib/dialects/abstract/connection-manager.js:222:24)\n    at async /Users/soubinkittiphanh/Desktop/Pro/dc_express_api/node_modules/sequelize/lib/dialects/abstract/connection-manager.js:174:32","timestamp":"2025-02-09T06:48:09.507Z"}
{"level":"info","message":"Hello, Winston!","timestamp":"2025-02-09T06:48:12.827Z"}
{"level":"warn","message":"This is a warning message.","timestamp":"2025-02-09T06:48:12.829Z"}
{"level":"error","message":"This is an error message.","timestamp":"2025-02-09T06:48:12.830Z"}
{"level":"info","message":"This is an information message.","timestamp":"2025-02-09T06:48:12.830Z"}
{"ip":"192.168.1.1","level":"info","message":"User logged in","timestamp":"2025-02-09T06:48:12.831Z","username":"johndoe"}
{"level":"info","message":"DC Epress is up","timestamp":"2025-02-09T06:48:13.202Z"}
{"level":"info","message":"app is runing: 8888","timestamp":"2025-02-09T06:48:13.203Z"}
{"level":"warn","message":"env: dcommerce_express_dev","timestamp":"2025-02-09T06:48:13.204Z"}
{"level":"error","message":"client_db Connection error: (conn:-1, no: 45012, SQLState: 08S01) Connection timeout: failed to create socket after 1002ms","name":"SequelizeConnectionError","original":{"code":"ER_CONNECTION_TIMEOUT","errno":45012,"fatal":true,"name":"SqlError","sql":null,"sqlMessage":"Connection timeout: failed to create socket after 1002ms","sqlState":"08S01"},"parent":{"code":"ER_CONNECTION_TIMEOUT","errno":45012,"fatal":true,"name":"SqlError","sql":null,"sqlMessage":"Connection timeout: failed to create socket after 1002ms","sqlState":"08S01"},"stack":"SequelizeConnectionError: (conn:-1, no: 45012, SQLState: 08S01) Connection timeout: failed to create socket after 1002ms\n    at ConnectionManager.connect (/Users/soubinkittiphanh/Desktop/Pro/dc_express_api/node_modules/sequelize/lib/dialects/mariadb/connection-manager.js:100:17)\n    at processTicksAndRejections (node:internal/process/task_queues:96:5)\n    at async ConnectionManager._connect (/Users/soubinkittiphanh/Desktop/Pro/dc_express_api/node_modules/sequelize/lib/dialects/abstract/connection-manager.js:222:24)\n    at async /Users/soubinkittiphanh/Desktop/Pro/dc_express_api/node_modules/sequelize/lib/dialects/abstract/connection-manager.js:174:32","timestamp":"2025-02-09T06:48:14.205Z"}
{"level":"info","message":"Hello, Winston!","timestamp":"2025-02-09T06:48:15.834Z"}
{"level":"warn","message":"This is a warning message.","timestamp":"2025-02-09T06:48:15.837Z"}
{"level":"error","message":"This is an error message.","timestamp":"2025-02-09T06:48:15.837Z"}
{"level":"info","message":"This is an information message.","timestamp":"2025-02-09T06:48:15.837Z"}
{"ip":"192.168.1.1","level":"info","message":"User logged in","timestamp":"2025-02-09T06:48:15.838Z","username":"johndoe"}
{"level":"info","message":"DC Epress is up","timestamp":"2025-02-09T06:48:16.202Z"}
{"level":"info","message":"app is runing: 8888","timestamp":"2025-02-09T06:48:16.203Z"}
{"level":"warn","message":"env: dcommerce_express_dev","timestamp":"2025-02-09T06:48:16.204Z"}
{"level":"info","message":"client_db Connection established","timestamp":"2025-02-09T06:48:16.934Z"}
{"level":"info","message":"Database client is synchronized","timestamp":"2025-02-09T06:48:25.830Z"}
{"level":"warn","message":"ORDER PRICE DET 31 orderId 13","timestamp":"2025-02-09T06:48:44.700Z"}
{"level":"warn","message":"RESPONSE []","timestamp":"2025-02-09T06:48:44.798Z"}
{"level":"warn","message":"ORDER PRICE DET 29 orderId 15","timestamp":"2025-02-09T06:50:58.775Z"}
{"level":"warn","message":"RESPONSE []","timestamp":"2025-02-09T06:50:58.919Z"}
{"level":"info","message":"Hello, Winston!","timestamp":"2025-02-09T06:57:16.805Z"}
{"level":"warn","message":"This is a warning message.","timestamp":"2025-02-09T06:57:16.808Z"}
{"level":"error","message":"This is an error message.","timestamp":"2025-02-09T06:57:16.808Z"}
{"level":"info","message":"This is an information message.","timestamp":"2025-02-09T06:57:16.809Z"}
{"ip":"192.168.1.1","level":"info","message":"User logged in","timestamp":"2025-02-09T06:57:16.809Z","username":"johndoe"}
{"level":"info","message":"DC Epress is up","timestamp":"2025-02-09T06:57:17.367Z"}
{"level":"info","message":"app is runing: 8888","timestamp":"2025-02-09T06:57:17.368Z"}
{"level":"warn","message":"env: dcommerce_express_dev","timestamp":"2025-02-09T06:57:17.369Z"}
{"level":"info","message":"client_db Connection established","timestamp":"2025-02-09T06:57:18.174Z"}
{"level":"info","message":"Database client is synchronized","timestamp":"2025-02-09T06:57:26.798Z"}
{"level":"warn","message":"ORDER PRICE DET 30 orderId 15","timestamp":"2025-02-09T06:57:37.809Z"}
{"level":"warn","message":"RESPONSE [{\"id\":29,\"price\":50000,\"priceStatus\":\"ACCEPT\",\"isActive\":true,\"createdAt\":\"2025-02-09T05:55:35.000Z\",\"updateTimestamp\":\"2025-02-09T06:50:59.000Z\",\"riderId\":1,\"merchantId\":null,\"orderId\":15}]","timestamp":"2025-02-09T06:57:37.892Z"}
{"level":"warn","message":"ORDER PRICE DET 32 orderId 10","timestamp":"2025-02-09T06:58:43.693Z"}
{"level":"warn","message":"RESPONSE []","timestamp":"2025-02-09T06:58:43.813Z"}
{"level":"info","message":"Order status has been update successfully {\"id\":10,\"recipientTel\":\"29809752\",\"recipientTelName\":\"Douangta\",\"recipientAddress\":\"Siphanhthong\",\"riderFee\":50000,\"status\":\"ACCEPT\",\"productCategory\":\"FOOD\",\"isActive\":true,\"createdAt\":\"2024-12-24T05:02:39.000Z\",\"updateTimestamp\":\"2025-02-09T06:58:44.000Z\",\"riderId\":null,\"merchantId\":1}","timestamp":"2025-02-09T06:58:44.160Z"}
{"level":"warn","message":"ORDER PRICE DET 32 orderId 10","timestamp":"2025-02-09T07:01:16.327Z"}
{"level":"warn","message":"RESPONSE [{\"id\":32,\"price\":20000,\"priceStatus\":\"ACCEPT\",\"isActive\":true,\"createdAt\":\"2025-02-09T06:58:26.000Z\",\"updateTimestamp\":\"2025-02-09T06:58:43.000Z\",\"riderId\":1,\"merchantId\":null,\"orderId\":10}]","timestamp":"2025-02-09T07:01:16.464Z"}
{"level":"warn","message":"ORDER PRICE DET 32 orderId 10","timestamp":"2025-02-09T07:02:53.146Z"}
{"level":"warn","message":"RESPONSE [{\"id\":32,\"price\":20000,\"priceStatus\":\"ACCEPT\",\"isActive\":true,\"createdAt\":\"2025-02-09T06:58:26.000Z\",\"updateTimestamp\":\"2025-02-09T06:58:43.000Z\",\"riderId\":1,\"merchantId\":null,\"orderId\":10}]","timestamp":"2025-02-09T07:02:53.239Z"}
{"level":"warn","message":"ORDER PRICE DET 26 orderId 8","timestamp":"2025-02-09T07:03:22.552Z"}
{"level":"warn","message":"RESPONSE []","timestamp":"2025-02-09T07:03:22.661Z"}
{"level":"info","message":"Order status has been update successfully {\"id\":8,\"recipientTel\":\"774439953\",\"recipientTelName\":\"TAVANH\",\"recipientAddress\":\"NOE KEO\",\"riderFee\":50000,\"status\":\"ACCEPT\",\"productCategory\":\"OTHER\",\"isActive\":true,\"createdAt\":\"2024-12-24T04:30:00.000Z\",\"updateTimestamp\":\"2025-02-09T07:03:22.000Z\",\"riderId\":null,\"merchantId\":1}","timestamp":"2025-02-09T07:03:22.952Z"}
{"level":"info","message":"Hello, Winston!","timestamp":"2025-02-09T07:05:09.662Z"}
{"level":"warn","message":"This is a warning message.","timestamp":"2025-02-09T07:05:09.664Z"}
{"level":"error","message":"This is an error message.","timestamp":"2025-02-09T07:05:09.665Z"}
{"level":"info","message":"This is an information message.","timestamp":"2025-02-09T07:05:09.665Z"}
{"ip":"192.168.1.1","level":"info","message":"User logged in","timestamp":"2025-02-09T07:05:09.665Z","username":"johndoe"}
{"level":"info","message":"DC Epress is up","timestamp":"2025-02-09T07:05:10.229Z"}
{"level":"info","message":"app is runing: 8888","timestamp":"2025-02-09T07:05:10.229Z"}
{"level":"warn","message":"env: dcommerce_express_dev","timestamp":"2025-02-09T07:05:10.230Z"}
{"level":"error","message":"client_db Connection error: (conn:-1, no: 45012, SQLState: 08S01) Connection timeout: failed to create socket after 1001ms","name":"SequelizeConnectionError","original":{"code":"ER_CONNECTION_TIMEOUT","errno":45012,"fatal":true,"name":"SqlError","sql":null,"sqlMessage":"Connection timeout: failed to create socket after 1001ms","sqlState":"08S01"},"parent":{"code":"ER_CONNECTION_TIMEOUT","errno":45012,"fatal":true,"name":"SqlError","sql":null,"sqlMessage":"Connection timeout: failed to create socket after 1001ms","sqlState":"08S01"},"stack":"SequelizeConnectionError: (conn:-1, no: 45012, SQLState: 08S01) Connection timeout: failed to create socket after 1001ms\n    at ConnectionManager.connect (/Users/soubinkittiphanh/Desktop/Pro/dc_express_api/node_modules/sequelize/lib/dialects/mariadb/connection-manager.js:100:17)\n    at processTicksAndRejections (node:internal/process/task_queues:96:5)\n    at async ConnectionManager._connect (/Users/soubinkittiphanh/Desktop/Pro/dc_express_api/node_modules/sequelize/lib/dialects/abstract/connection-manager.js:222:24)\n    at async /Users/soubinkittiphanh/Desktop/Pro/dc_express_api/node_modules/sequelize/lib/dialects/abstract/connection-manager.js:174:32","timestamp":"2025-02-09T07:05:11.227Z"}
{"level":"info","message":"Hello, Winston!","timestamp":"2025-02-09T07:05:13.035Z"}
{"level":"warn","message":"This is a warning message.","timestamp":"2025-02-09T07:05:13.037Z"}
{"level":"error","message":"This is an error message.","timestamp":"2025-02-09T07:05:13.038Z"}
{"level":"info","message":"This is an information message.","timestamp":"2025-02-09T07:05:13.038Z"}
{"ip":"192.168.1.1","level":"info","message":"User logged in","timestamp":"2025-02-09T07:05:13.039Z","username":"johndoe"}
{"level":"info","message":"DC Epress is up","timestamp":"2025-02-09T07:05:13.469Z"}
{"level":"info","message":"app is runing: 8888","timestamp":"2025-02-09T07:05:13.470Z"}
{"level":"warn","message":"env: dcommerce_express_dev","timestamp":"2025-02-09T07:05:13.471Z"}
{"level":"info","message":"client_db Connection established","timestamp":"2025-02-09T07:05:14.401Z"}
{"level":"info","message":"Database client is synchronized","timestamp":"2025-02-09T07:05:24.560Z"}
{"level":"warn","message":"ORDER PRICE DET 11 orderId 1","timestamp":"2025-02-09T07:05:49.226Z"}
{"level":"warn","message":"RESPONSE []","timestamp":"2025-02-09T07:05:49.380Z"}
{"level":"info","message":"Order status has been update successfully {\"id\":1,\"recipientTel\":\"77150008\",\"recipientTelName\":\"SOUBIN\",\"recipientAddress\":\"SAPHANTHONG, VTE LAOS\",\"riderFee\":10000,\"status\":\"ACCEPT\",\"productCategory\":\"FOOD\",\"isActive\":true,\"createdAt\":\"2024-12-11T23:43:41.000Z\",\"updateTimestamp\":\"2025-02-09T07:05:49.000Z\",\"riderId\":null,\"merchantId\":1}","timestamp":"2025-02-09T07:05:49.915Z"}
{"level":"info","message":"Order service response code 200 update count undefined","timestamp":"2025-02-09T07:05:49.917Z"}
{"level":"warn","message":"Transaction response 503","timestamp":"2025-02-09T07:05:50.012Z"}
{"level":"info","message":"Hello, Winston!","timestamp":"2025-02-09T07:06:46.922Z"}
{"level":"warn","message":"This is a warning message.","timestamp":"2025-02-09T07:06:46.925Z"}
{"level":"error","message":"This is an error message.","timestamp":"2025-02-09T07:06:46.925Z"}
{"level":"info","message":"This is an information message.","timestamp":"2025-02-09T07:06:46.926Z"}
{"ip":"192.168.1.1","level":"info","message":"User logged in","timestamp":"2025-02-09T07:06:46.926Z","username":"johndoe"}
{"level":"info","message":"DC Epress is up","timestamp":"2025-02-09T07:06:47.464Z"}
{"level":"info","message":"app is runing: 8888","timestamp":"2025-02-09T07:06:47.465Z"}
{"level":"warn","message":"env: dcommerce_express_dev","timestamp":"2025-02-09T07:06:47.466Z"}
{"level":"info","message":"Hello, Winston!","timestamp":"2025-02-09T07:06:57.393Z"}
{"level":"warn","message":"This is a warning message.","timestamp":"2025-02-09T07:06:57.395Z"}
{"level":"error","message":"This is an error message.","timestamp":"2025-02-09T07:06:57.396Z"}
{"level":"info","message":"This is an information message.","timestamp":"2025-02-09T07:06:57.396Z"}
{"ip":"192.168.1.1","level":"info","message":"User logged in","timestamp":"2025-02-09T07:06:57.397Z","username":"johndoe"}
{"level":"info","message":"DC Epress is up","timestamp":"2025-02-09T07:06:57.912Z"}
{"level":"info","message":"app is runing: 8888","timestamp":"2025-02-09T07:06:57.913Z"}
{"level":"warn","message":"env: dcommerce_express_dev","timestamp":"2025-02-09T07:06:57.914Z"}
{"level":"info","message":"client_db Connection established","timestamp":"2025-02-09T07:06:58.535Z"}
{"level":"info","message":"Database client is synchronized","timestamp":"2025-02-09T07:07:08.071Z"}
{"level":"info","message":"JSON DATA {\"recipientTel\":\"020885993499\",\"recipientTelName\":\"korn\",\"recipientAddress\":\"address\",\"riderFee\":20000.0,\"status\":\"OPEN\",\"productCategory\":\"FOOD\",\"isActive\":true,\"merchantId\":1}","timestamp":"2025-02-09T07:14:24.799Z"}
{"level":"info","message":"FILE DATA ","timestamp":"2025-02-09T07:14:24.800Z"}
{"level":"warn","message":"ORDER PRICE DET 33 orderId 16","timestamp":"2025-02-09T07:14:58.860Z"}
{"level":"warn","message":"RESPONSE []","timestamp":"2025-02-09T07:14:58.949Z"}
{"level":"info","message":"Order status has been update successfully {\"id\":16,\"recipientTel\":\"020885993499\",\"recipientTelName\":\"korn\",\"recipientAddress\":\"address\",\"riderFee\":20000,\"status\":\"ACCEPT\",\"productCategory\":\"FOOD\",\"isActive\":true,\"createdAt\":\"2025-02-09T07:14:24.000Z\",\"updateTimestamp\":\"2025-02-09T07:14:59.000Z\",\"riderId\":null,\"merchantId\":1}","timestamp":"2025-02-09T07:14:59.252Z"}
{"level":"info","message":"Order service response code 200 update count undefined update 1","timestamp":"2025-02-09T07:14:59.253Z"}
{"level":"warn","message":"Transaction response 503","timestamp":"2025-02-09T07:14:59.332Z"}
{"level":"info","message":"Hello, Winston!","timestamp":"2025-02-09T07:18:05.591Z"}
{"level":"warn","message":"This is a warning message.","timestamp":"2025-02-09T07:18:05.593Z"}
{"level":"error","message":"This is an error message.","timestamp":"2025-02-09T07:18:05.594Z"}
{"level":"info","message":"This is an information message.","timestamp":"2025-02-09T07:18:05.595Z"}
{"ip":"192.168.1.1","level":"info","message":"User logged in","timestamp":"2025-02-09T07:18:05.596Z","username":"johndoe"}
{"level":"info","message":"DC Epress is up","timestamp":"2025-02-09T07:18:06.155Z"}
{"level":"info","message":"app is runing: 8888","timestamp":"2025-02-09T07:18:06.156Z"}
{"level":"warn","message":"env: dcommerce_express_dev","timestamp":"2025-02-09T07:18:06.156Z"}
{"level":"info","message":"client_db Connection established","timestamp":"2025-02-09T07:18:06.784Z"}
{"level":"info","message":"Database client is synchronized","timestamp":"2025-02-09T07:18:13.860Z"}
{"level":"info","message":"JSON DATA {\"recipientTel\":\"020885993499\",\"recipientTelName\":\"Ja\",\"recipientAddress\":\"address\",\"riderFee\":20000.0,\"status\":\"OPEN\",\"productCategory\":\"FOOD\",\"isActive\":true,\"merchantId\":1}","timestamp":"2025-02-09T07:18:26.604Z"}
{"level":"info","message":"FILE DATA ","timestamp":"2025-02-09T07:18:26.606Z"}
{"level":"warn","message":"ORDER PRICE DET 34 orderId 17","timestamp":"2025-02-09T07:18:53.988Z"}
{"level":"warn","message":"RESPONSE []","timestamp":"2025-02-09T07:18:54.061Z"}
{"level":"info","message":"Order status has been update successfully {\"id\":17,\"recipientTel\":\"020885993499\",\"recipientTelName\":\"Ja\",\"recipientAddress\":\"address\",\"riderFee\":20000,\"status\":\"ACCEPT\",\"productCategory\":\"FOOD\",\"isActive\":true,\"createdAt\":\"2025-02-09T07:18:26.000Z\",\"updateTimestamp\":\"2025-02-09T07:18:54.000Z\",\"riderId\":null,\"merchantId\":1}","timestamp":"2025-02-09T07:18:54.283Z"}
{"level":"info","message":"Order service response code 200 update count undefined update 1","timestamp":"2025-02-09T07:18:54.284Z"}
{"level":"warn","message":"Transaction response 200","timestamp":"2025-02-09T07:18:54.334Z"}
{"level":"info","message":"Hello, Winston!","timestamp":"2025-02-10T13:19:42.342Z"}
{"level":"warn","message":"This is a warning message.","timestamp":"2025-02-10T13:19:42.345Z"}
{"level":"error","message":"This is an error message.","timestamp":"2025-02-10T13:19:42.346Z"}
{"level":"info","message":"This is an information message.","timestamp":"2025-02-10T13:19:42.346Z"}
{"ip":"192.168.1.1","level":"info","message":"User logged in","timestamp":"2025-02-10T13:19:42.347Z","username":"johndoe"}
{"level":"info","message":"DC Epress is up","timestamp":"2025-02-10T13:19:43.140Z"}
{"level":"info","message":"app is runing: 8888","timestamp":"2025-02-10T13:19:43.141Z"}
{"level":"warn","message":"env: dcommerce_express_dev","timestamp":"2025-02-10T13:19:43.142Z"}
{"level":"info","message":"client_db Connection established","timestamp":"2025-02-10T13:19:43.353Z"}
{"level":"info","message":"Database client is synchronized","timestamp":"2025-02-10T13:19:45.964Z"}
{"level":"info","message":"Hello, Winston!","timestamp":"2025-02-11T12:20:52.444Z"}
{"level":"warn","message":"This is a warning message.","timestamp":"2025-02-11T12:20:52.449Z"}
{"level":"error","message":"This is an error message.","timestamp":"2025-02-11T12:20:52.451Z"}
{"level":"info","message":"This is an information message.","timestamp":"2025-02-11T12:20:52.451Z"}
{"ip":"192.168.1.1","level":"info","message":"User logged in","timestamp":"2025-02-11T12:20:52.452Z","username":"johndoe"}
{"level":"info","message":"DC Epress is up","timestamp":"2025-02-11T12:20:55.729Z"}
{"level":"info","message":"app is runing: 8888","timestamp":"2025-02-11T12:20:55.730Z"}
{"level":"warn","message":"env: dcommerce_express_dev","timestamp":"2025-02-11T12:20:55.731Z"}
{"level":"info","message":"client_db Connection established","timestamp":"2025-02-11T12:20:56.636Z"}
{"level":"info","message":"Hello, Winston!","timestamp":"2025-02-11T12:21:01.116Z"}
{"level":"warn","message":"This is a warning message.","timestamp":"2025-02-11T12:21:01.118Z"}
{"level":"error","message":"This is an error message.","timestamp":"2025-02-11T12:21:01.119Z"}
{"level":"info","message":"This is an information message.","timestamp":"2025-02-11T12:21:01.120Z"}
{"ip":"192.168.1.1","level":"info","message":"User logged in","timestamp":"2025-02-11T12:21:01.126Z","username":"johndoe"}
{"level":"info","message":"DC Epress is up","timestamp":"2025-02-11T12:21:02.258Z"}
{"level":"info","message":"app is runing: 8888","timestamp":"2025-02-11T12:21:02.259Z"}
{"level":"warn","message":"env: dcommerce_express_dev","timestamp":"2025-02-11T12:21:02.262Z"}
{"level":"info","message":"client_db Connection established","timestamp":"2025-02-11T12:21:02.467Z"}
{"level":"info","message":"Hello, Winston!","timestamp":"2025-02-11T12:21:51.703Z"}
{"level":"warn","message":"This is a warning message.","timestamp":"2025-02-11T12:21:51.708Z"}
{"level":"error","message":"This is an error message.","timestamp":"2025-02-11T12:21:51.710Z"}
{"level":"info","message":"This is an information message.","timestamp":"2025-02-11T12:21:51.710Z"}
{"ip":"192.168.1.1","level":"info","message":"User logged in","timestamp":"2025-02-11T12:21:51.711Z","username":"johndoe"}
{"level":"info","message":"DC Epress is up","timestamp":"2025-02-11T12:21:52.400Z"}
{"level":"info","message":"app is runing: 8888","timestamp":"2025-02-11T12:21:52.400Z"}
{"level":"warn","message":"env: dcommerce_express_dev","timestamp":"2025-02-11T12:21:52.401Z"}
{"level":"info","message":"client_db Connection established","timestamp":"2025-02-11T12:21:52.630Z"}
{"level":"info","message":"Database client is synchronized","timestamp":"2025-02-11T12:21:57.345Z"}
{"level":"info","message":"JSON DATA {\"recipientTel\":\"7774939990\",\"recipientTelName\":\"TREE KOFF\",\"recipientAddress\":\"THONGPHANTHONG\",\"riderFee\":20000.0,\"status\":\"OPEN\",\"productCategory\":\"FOOD\",\"isActive\":true,\"merchantId\":1}","timestamp":"2025-02-11T13:05:45.035Z"}
{"level":"info","message":"FILE DATA ","timestamp":"2025-02-11T13:05:45.053Z"}
{"level":"warn","message":"ORDER PRICE DET 36 orderId 18","timestamp":"2025-02-11T13:06:25.449Z"}
{"level":"warn","message":"RESPONSE []","timestamp":"2025-02-11T13:06:25.484Z"}
{"level":"info","message":"Order status has been update successfully {\"id\":18,\"recipientTel\":\"7774939990\",\"recipientTelName\":\"TREE KOFF\",\"recipientAddress\":\"THONGPHANTHONG\",\"riderFee\":20000,\"status\":\"ACCEPT\",\"productCategory\":\"FOOD\",\"isActive\":true,\"createdAt\":\"2025-02-11T13:05:45.000Z\",\"updateTimestamp\":\"2025-02-11T13:06:25.000Z\",\"riderId\":null,\"merchantId\":1}","timestamp":"2025-02-11T13:06:25.625Z"}
{"level":"info","message":"Order service response code 200 update count undefined update 1","timestamp":"2025-02-11T13:06:25.626Z"}
{"level":"warn","message":"Transaction response 200","timestamp":"2025-02-11T13:06:25.645Z"}
{"level":"info","message":"JSON DATA {\"recipientTel\":\"7774939990\",\"recipientTelName\":\"TREE KOFF\",\"recipientAddress\":\"THONGPHANTHONG\",\"riderFee\":20000.0,\"status\":\"OPEN\",\"productCategory\":\"FOOD\",\"isActive\":true,\"merchantId\":1}","timestamp":"2025-02-11T13:09:29.981Z"}
{"level":"info","message":"FILE DATA ","timestamp":"2025-02-11T13:09:30.036Z"}
{"level":"info","message":"JSON DATA {\"recipientTel\":\"7774939990\",\"recipientTelName\":\"TREE KOFF\",\"recipientAddress\":\"THONGPHANTHONG\",\"riderFee\":20000.0,\"status\":\"OPEN\",\"productCategory\":\"FOOD\",\"isActive\":true,\"merchantId\":1}","timestamp":"2025-02-11T13:09:41.079Z"}
{"level":"info","message":"FILE DATA ","timestamp":"2025-02-11T13:09:41.087Z"}
{"level":"warn","message":"ORDER PRICE DET 37 orderId 19","timestamp":"2025-02-11T13:10:04.995Z"}
{"level":"warn","message":"RESPONSE []","timestamp":"2025-02-11T13:10:05.056Z"}
{"level":"info","message":"Order status has been update successfully {\"id\":19,\"recipientTel\":\"7774939990\",\"recipientTelName\":\"TREE KOFF\",\"recipientAddress\":\"THONGPHANTHONG\",\"riderFee\":20000,\"status\":\"ACCEPT\",\"productCategory\":\"FOOD\",\"isActive\":true,\"createdAt\":\"2025-02-11T13:09:30.000Z\",\"updateTimestamp\":\"2025-02-11T13:10:05.000Z\",\"riderId\":null,\"merchantId\":1}","timestamp":"2025-02-11T13:10:05.203Z"}
{"level":"info","message":"Order service response code 200 update count undefined update 1","timestamp":"2025-02-11T13:10:05.204Z"}
{"level":"warn","message":"Transaction response 200","timestamp":"2025-02-11T13:10:05.222Z"}
{"level":"warn","message":"ORDER PRICE DET 38 orderId 20","timestamp":"2025-02-11T13:10:19.674Z"}
{"level":"warn","message":"RESPONSE []","timestamp":"2025-02-11T13:10:19.703Z"}
{"level":"info","message":"Order status has been update successfully {\"id\":20,\"recipientTel\":\"7774939990\",\"recipientTelName\":\"TREE KOFF\",\"recipientAddress\":\"THONGPHANTHONG\",\"riderFee\":20000,\"status\":\"ACCEPT\",\"productCategory\":\"FOOD\",\"isActive\":true,\"createdAt\":\"2025-02-11T13:09:41.000Z\",\"updateTimestamp\":\"2025-02-11T13:10:19.000Z\",\"riderId\":null,\"merchantId\":1}","timestamp":"2025-02-11T13:10:19.789Z"}
{"level":"info","message":"Order service response code 200 update count undefined update 1","timestamp":"2025-02-11T13:10:19.790Z"}
{"level":"warn","message":"Transaction response 200","timestamp":"2025-02-11T13:10:19.810Z"}
{"level":"info","message":"Hello, Winston!","timestamp":"2025-02-12T13:57:02.929Z"}
{"level":"warn","message":"This is a warning message.","timestamp":"2025-02-12T13:57:02.931Z"}
{"level":"error","message":"This is an error message.","timestamp":"2025-02-12T13:57:02.932Z"}
{"level":"info","message":"This is an information message.","timestamp":"2025-02-12T13:57:02.932Z"}
{"ip":"192.168.1.1","level":"info","message":"User logged in","timestamp":"2025-02-12T13:57:02.932Z","username":"johndoe"}
{"level":"info","message":"DC Epress is up","timestamp":"2025-02-12T13:57:03.306Z"}
{"level":"info","message":"app is runing: 8888","timestamp":"2025-02-12T13:57:03.307Z"}
{"level":"warn","message":"env: dcommerce_express_dev","timestamp":"2025-02-12T13:57:03.308Z"}
{"level":"info","message":"client_db Connection established","timestamp":"2025-02-12T13:57:03.628Z"}
{"level":"info","message":"Database client is synchronized","timestamp":"2025-02-12T13:57:06.412Z"}
{"level":"info","message":"Hello, Winston!","timestamp":"2025-02-12T14:01:13.642Z"}
{"level":"warn","message":"This is a warning message.","timestamp":"2025-02-12T14:01:13.644Z"}
{"level":"error","message":"This is an error message.","timestamp":"2025-02-12T14:01:13.645Z"}
{"level":"info","message":"This is an information message.","timestamp":"2025-02-12T14:01:13.645Z"}
{"ip":"192.168.1.1","level":"info","message":"User logged in","timestamp":"2025-02-12T14:01:13.645Z","username":"johndoe"}
{"level":"info","message":"DC Epress is up","timestamp":"2025-02-12T14:01:14.231Z"}
{"level":"info","message":"app is runing: 8888","timestamp":"2025-02-12T14:01:14.232Z"}
{"level":"warn","message":"env: dcommerce_express_dev","timestamp":"2025-02-12T14:01:14.232Z"}
{"level":"info","message":"client_db Connection established","timestamp":"2025-02-12T14:01:14.412Z"}
{"level":"info","message":"Database client is synchronized","timestamp":"2025-02-12T14:01:16.771Z"}
{"level":"warn","message":"OBJECT {\"status\":\"COMPLETE\"}}","timestamp":"2025-02-12T14:04:22.201Z"}
{"level":"warn","message":"OBJECT {\"status\":\"COMPLETE\"}}","timestamp":"2025-02-12T14:04:36.045Z"}
{"level":"warn","message":"OBJECT {\"status\":\"COMPLETE\"}}","timestamp":"2025-02-12T14:09:02.988Z"}
{"level":"info","message":"Hello, Winston!","timestamp":"2025-02-19T13:33:34.145Z"}
{"level":"warn","message":"This is a warning message.","timestamp":"2025-02-19T13:33:34.147Z"}
{"level":"error","message":"This is an error message.","timestamp":"2025-02-19T13:33:34.148Z"}
{"level":"info","message":"This is an information message.","timestamp":"2025-02-19T13:33:34.148Z"}
{"ip":"192.168.1.1","level":"info","message":"User logged in","timestamp":"2025-02-19T13:33:34.149Z","username":"johndoe"}
{"level":"info","message":"DC Epress is up","timestamp":"2025-02-19T13:33:34.726Z"}
{"level":"info","message":"app is runing: 8888","timestamp":"2025-02-19T13:33:34.727Z"}
{"level":"warn","message":"env: dcommerce_express_dev","timestamp":"2025-02-19T13:33:34.728Z"}
{"level":"info","message":"client_db Connection established","timestamp":"2025-02-19T13:33:35.378Z"}
{"level":"info","message":"Database client is synchronized","timestamp":"2025-02-19T13:33:38.182Z"}
{"level":"info","message":"Received file type: image/jpeg","timestamp":"2025-02-19T13:51:12.512Z"}
{"level":"info","message":"JSON DATA {\"recipientTel\":\"778868768778\",\"recipientTelName\":\"customer name\",\"recipientAddress\":\"address\",\"riderFee\":30000.0,\"status\":\"OPEN\",\"productCategory\":\"FOOD\",\"isActive\":true,\"merchantId\":1}","timestamp":"2025-02-19T13:51:12.526Z"}
{"level":"info","message":"FILE DATA [object Object]","timestamp":"2025-02-19T13:51:12.526Z"}
{"level":"warn","message":"ORDER PRICE DET 40 orderId 21","timestamp":"2025-02-19T13:51:44.602Z"}
{"level":"warn","message":"RESPONSE []","timestamp":"2025-02-19T13:51:44.624Z"}
{"level":"info","message":"Order status has been update successfully {\"id\":21,\"recipientTel\":\"778868768778\",\"recipientTelName\":\"customer name\",\"recipientAddress\":\"address\",\"riderFee\":30000,\"status\":\"ACCEPT\",\"productCategory\":\"FOOD\",\"isActive\":true,\"createdAt\":\"2025-02-19T13:51:12.000Z\",\"updateTimestamp\":\"2025-02-19T13:51:44.000Z\",\"riderId\":null,\"merchantId\":1}","timestamp":"2025-02-19T13:51:44.714Z"}
{"level":"info","message":"Order service response code 200 update count undefined update 1","timestamp":"2025-02-19T13:51:44.716Z"}
{"level":"warn","message":"Transaction response 200","timestamp":"2025-02-19T13:51:44.735Z"}
{"level":"warn","message":"OBJECT {\"status\":\"COMPLETE\"}}","timestamp":"2025-02-19T13:52:00.037Z"}
{"level":"info","message":"JSON DATA {\"recipientTel\":\"859405609\",\"recipientTelName\":\"Customer LL\",\"recipientAddress\":\"Address\",\"riderFee\":10000.0,\"status\":\"OPEN\",\"productCategory\":\"FOOD\",\"isActive\":true,\"merchantId\":1}","timestamp":"2025-02-20T13:37:24.641Z"}
{"level":"info","message":"FILE DATA ","timestamp":"2025-02-20T13:37:24.645Z"}
{"level":"info","message":"JSON DATA {\"recipientTel\":\"859405609\",\"recipientTelName\":\"Customer LL\",\"recipientAddress\":\"Address\",\"riderFee\":10000.0,\"status\":\"OPEN\",\"productCategory\":\"FOOD\",\"isActive\":true,\"merchantId\":1}","timestamp":"2025-02-20T13:37:32.569Z"}
{"level":"info","message":"FILE DATA ","timestamp":"2025-02-20T13:37:32.570Z"}
{"level":"info","message":"Hello, Winston!","timestamp":"2025-02-26T12:21:58.320Z"}
{"level":"warn","message":"This is a warning message.","timestamp":"2025-02-26T12:21:58.322Z"}
{"level":"error","message":"This is an error message.","timestamp":"2025-02-26T12:21:58.323Z"}
{"level":"info","message":"This is an information message.","timestamp":"2025-02-26T12:21:58.323Z"}
{"ip":"192.168.1.1","level":"info","message":"User logged in","timestamp":"2025-02-26T12:21:58.323Z","username":"johndoe"}
{"level":"info","message":"DC Epress is up","timestamp":"2025-02-26T12:21:58.850Z"}
{"level":"info","message":"app is runing: 8888","timestamp":"2025-02-26T12:21:58.851Z"}
{"level":"warn","message":"env: dcommerce_express_dev","timestamp":"2025-02-26T12:21:58.852Z"}
{"level":"info","message":"client_db Connection established","timestamp":"2025-02-26T12:21:59.357Z"}
{"level":"info","message":"Database client is synchronized","timestamp":"2025-02-26T12:22:02.155Z"}
{"level":"info","message":"Hello, Winston!","timestamp":"2025-02-27T03:27:31.654Z"}
{"level":"warn","message":"This is a warning message.","timestamp":"2025-02-27T03:27:31.656Z"}
{"level":"error","message":"This is an error message.","timestamp":"2025-02-27T03:27:31.656Z"}
{"level":"info","message":"This is an information message.","timestamp":"2025-02-27T03:27:31.657Z"}
{"ip":"192.168.1.1","level":"info","message":"User logged in","timestamp":"2025-02-27T03:27:31.657Z","username":"johndoe"}
{"level":"info","message":"DC Epress is up","timestamp":"2025-02-27T03:27:32.228Z"}
{"level":"info","message":"app is runing: 8888","timestamp":"2025-02-27T03:27:32.229Z"}
{"level":"warn","message":"env: dcommerce_express_dev","timestamp":"2025-02-27T03:27:32.230Z"}
{"level":"info","message":"client_db Connection established","timestamp":"2025-02-27T03:27:32.659Z"}
{"level":"info","message":"Database client is synchronized","timestamp":"2025-02-27T03:27:35.287Z"}
{"level":"info","message":"Hello, Winston!","timestamp":"2025-02-27T03:36:58.792Z"}
{"level":"warn","message":"This is a warning message.","timestamp":"2025-02-27T03:36:58.794Z"}
{"level":"error","message":"This is an error message.","timestamp":"2025-02-27T03:36:58.794Z"}
{"level":"info","message":"This is an information message.","timestamp":"2025-02-27T03:36:58.795Z"}
{"ip":"192.168.1.1","level":"info","message":"User logged in","timestamp":"2025-02-27T03:36:58.795Z","username":"johndoe"}
{"level":"info","message":"DC Epress is up","timestamp":"2025-02-27T03:36:59.331Z"}
{"level":"info","message":"app is runing: 8888","timestamp":"2025-02-27T03:36:59.331Z"}
{"level":"warn","message":"env: dcommerce_express_dev","timestamp":"2025-02-27T03:36:59.332Z"}
{"level":"info","message":"client_db Connection established","timestamp":"2025-02-27T03:36:59.527Z"}
{"level":"info","message":"Database client is synchronized","timestamp":"2025-02-27T03:37:02.233Z"}
{"level":"info","message":"Hello, Winston!","timestamp":"2025-02-28T03:41:48.347Z"}
{"level":"warn","message":"This is a warning message.","timestamp":"2025-02-28T03:41:48.350Z"}
{"level":"error","message":"This is an error message.","timestamp":"2025-02-28T03:41:48.350Z"}
{"level":"info","message":"This is an information message.","timestamp":"2025-02-28T03:41:48.351Z"}
{"ip":"192.168.1.1","level":"info","message":"User logged in","timestamp":"2025-02-28T03:41:48.351Z","username":"johndoe"}
{"level":"info","message":"DC Epress is up","timestamp":"2025-02-28T03:41:48.987Z"}
{"level":"info","message":"app is runing: 8888","timestamp":"2025-02-28T03:41:48.988Z"}
{"level":"warn","message":"env: dcommerce_express_dev","timestamp":"2025-02-28T03:41:48.989Z"}
{"level":"info","message":"client_db Connection established","timestamp":"2025-02-28T03:41:50.036Z"}
{"level":"info","message":"Database client is synchronized","timestamp":"2025-02-28T03:42:03.638Z"}
{"level":"info","message":"Hello, Winston!","timestamp":"2025-02-28T04:08:22.175Z"}
{"level":"warn","message":"This is a warning message.","timestamp":"2025-02-28T04:08:22.177Z"}
{"level":"error","message":"This is an error message.","timestamp":"2025-02-28T04:08:22.178Z"}
{"level":"info","message":"This is an information message.","timestamp":"2025-02-28T04:08:22.178Z"}
{"ip":"192.168.1.1","level":"info","message":"User logged in","timestamp":"2025-02-28T04:08:22.179Z","username":"johndoe"}
{"level":"info","message":"DC Epress is up","timestamp":"2025-02-28T04:08:22.809Z"}
{"level":"info","message":"app is runing: 8888","timestamp":"2025-02-28T04:08:22.810Z"}
{"level":"warn","message":"env: dcommerce_express_dev","timestamp":"2025-02-28T04:08:22.811Z"}
{"level":"info","message":"client_db Connection established","timestamp":"2025-02-28T04:08:24.040Z"}
{"level":"info","message":"Database client is synchronized","timestamp":"2025-02-28T04:08:36.240Z"}
{"level":"info","message":"Hello, Winston!","timestamp":"2025-02-28T04:33:27.092Z"}
{"level":"warn","message":"This is a warning message.","timestamp":"2025-02-28T04:33:27.094Z"}
{"level":"error","message":"This is an error message.","timestamp":"2025-02-28T04:33:27.094Z"}
{"level":"info","message":"This is an information message.","timestamp":"2025-02-28T04:33:27.095Z"}
{"ip":"192.168.1.1","level":"info","message":"User logged in","timestamp":"2025-02-28T04:33:27.095Z","username":"johndoe"}
{"level":"info","message":"DC Epress is up","timestamp":"2025-02-28T04:33:27.697Z"}
{"level":"info","message":"app is runing: 8888","timestamp":"2025-02-28T04:33:27.698Z"}
{"level":"warn","message":"env: dcommerce_express_dev","timestamp":"2025-02-28T04:33:27.699Z"}
{"level":"error","message":"client_db Connection error: (conn:-1, no: 45012, SQLState: 08S01) Connection timeout: failed to create socket after 1003ms","name":"SequelizeConnectionError","original":{"code":"ER_CONNECTION_TIMEOUT","errno":45012,"fatal":true,"name":"SqlError","sql":null,"sqlMessage":"Connection timeout: failed to create socket after 1003ms","sqlState":"08S01"},"parent":{"code":"ER_CONNECTION_TIMEOUT","errno":45012,"fatal":true,"name":"SqlError","sql":null,"sqlMessage":"Connection timeout: failed to create socket after 1003ms","sqlState":"08S01"},"stack":"SequelizeConnectionError: (conn:-1, no: 45012, SQLState: 08S01) Connection timeout: failed to create socket after 1003ms\n    at ConnectionManager.connect (/Users/soubinkittiphanh/Desktop/Pro/dc_express_api/node_modules/sequelize/lib/dialects/mariadb/connection-manager.js:100:17)\n    at processTicksAndRejections (node:internal/process/task_queues:96:5)\n    at async ConnectionManager._connect (/Users/soubinkittiphanh/Desktop/Pro/dc_express_api/node_modules/sequelize/lib/dialects/abstract/connection-manager.js:222:24)\n    at async /Users/soubinkittiphanh/Desktop/Pro/dc_express_api/node_modules/sequelize/lib/dialects/abstract/connection-manager.js:174:32","timestamp":"2025-02-28T04:33:28.697Z"}
{"level":"info","message":"Hello, Winston!","timestamp":"2025-02-28T04:33:31.602Z"}
{"level":"warn","message":"This is a warning message.","timestamp":"2025-02-28T04:33:31.604Z"}
{"level":"error","message":"This is an error message.","timestamp":"2025-02-28T04:33:31.605Z"}
{"level":"info","message":"This is an information message.","timestamp":"2025-02-28T04:33:31.605Z"}
{"ip":"192.168.1.1","level":"info","message":"User logged in","timestamp":"2025-02-28T04:33:31.606Z","username":"johndoe"}
{"level":"info","message":"DC Epress is up","timestamp":"2025-02-28T04:33:32.002Z"}
{"level":"info","message":"app is runing: 8888","timestamp":"2025-02-28T04:33:32.003Z"}
{"level":"warn","message":"env: dcommerce_express_dev","timestamp":"2025-02-28T04:33:32.004Z"}
{"level":"info","message":"client_db Connection established","timestamp":"2025-02-28T04:33:33.777Z"}
{"level":"info","message":"Database client is synchronized","timestamp":"2025-02-28T04:33:44.813Z"}
{"level":"info","message":"Hello, Winston!","timestamp":"2025-02-28T04:34:27.432Z"}
{"level":"warn","message":"This is a warning message.","timestamp":"2025-02-28T04:34:27.435Z"}
{"level":"error","message":"This is an error message.","timestamp":"2025-02-28T04:34:27.435Z"}
{"level":"info","message":"This is an information message.","timestamp":"2025-02-28T04:34:27.436Z"}
{"ip":"192.168.1.1","level":"info","message":"User logged in","timestamp":"2025-02-28T04:34:27.436Z","username":"johndoe"}
{"level":"info","message":"DC Epress is up","timestamp":"2025-02-28T04:34:27.941Z"}
{"level":"info","message":"app is runing: 8888","timestamp":"2025-02-28T04:34:27.941Z"}
{"level":"warn","message":"env: dcommerce_express_dev","timestamp":"2025-02-28T04:34:27.942Z"}
{"level":"error","message":"client_db Connection error: (conn:16552, no: 45012, SQLState: 08S01) Connection timeout: failed to create socket after 1002ms","name":"SequelizeConnectionError","original":{"code":"ER_CONNECTION_TIMEOUT","errno":45012,"fatal":true,"name":"SqlError","sql":null,"sqlMessage":"Connection timeout: failed to create socket after 1002ms","sqlState":"08S01"},"parent":{"code":"ER_CONNECTION_TIMEOUT","errno":45012,"fatal":true,"name":"SqlError","sql":null,"sqlMessage":"Connection timeout: failed to create socket after 1002ms","sqlState":"08S01"},"stack":"SequelizeConnectionError: (conn:16552, no: 45012, SQLState: 08S01) Connection timeout: failed to create socket after 1002ms\n    at ConnectionManager.connect (/Users/soubinkittiphanh/Desktop/Pro/dc_express_api/node_modules/sequelize/lib/dialects/mariadb/connection-manager.js:100:17)\n    at processTicksAndRejections (node:internal/process/task_queues:96:5)\n    at async ConnectionManager._connect (/Users/soubinkittiphanh/Desktop/Pro/dc_express_api/node_modules/sequelize/lib/dialects/abstract/connection-manager.js:222:24)\n    at async /Users/soubinkittiphanh/Desktop/Pro/dc_express_api/node_modules/sequelize/lib/dialects/abstract/connection-manager.js:174:32","timestamp":"2025-02-28T04:34:28.940Z"}
{"level":"info","message":"Hello, Winston!","timestamp":"2025-02-28T04:34:31.643Z"}
{"level":"warn","message":"This is a warning message.","timestamp":"2025-02-28T04:34:31.645Z"}
{"level":"error","message":"This is an error message.","timestamp":"2025-02-28T04:34:31.646Z"}
{"level":"info","message":"This is an information message.","timestamp":"2025-02-28T04:34:31.646Z"}
{"ip":"192.168.1.1","level":"info","message":"User logged in","timestamp":"2025-02-28T04:34:31.647Z","username":"johndoe"}
{"level":"info","message":"DC Epress is up","timestamp":"2025-02-28T04:34:32.053Z"}
{"level":"info","message":"app is runing: 8888","timestamp":"2025-02-28T04:34:32.053Z"}
{"level":"warn","message":"env: dcommerce_express_dev","timestamp":"2025-02-28T04:34:32.054Z"}
{"level":"info","message":"client_db Connection established","timestamp":"2025-02-28T04:34:33.117Z"}
{"level":"info","message":"Database client is synchronized","timestamp":"2025-02-28T04:34:45.306Z"}
{"level":"info","message":"Hello, Winston!","timestamp":"2025-02-28T04:37:41.806Z"}
{"level":"warn","message":"This is a warning message.","timestamp":"2025-02-28T04:37:41.808Z"}
{"level":"error","message":"This is an error message.","timestamp":"2025-02-28T04:37:41.809Z"}
{"level":"info","message":"This is an information message.","timestamp":"2025-02-28T04:37:41.809Z"}
{"ip":"192.168.1.1","level":"info","message":"User logged in","timestamp":"2025-02-28T04:37:41.810Z","username":"johndoe"}
{"level":"info","message":"DC Epress is up","timestamp":"2025-02-28T04:37:42.440Z"}
{"level":"info","message":"app is runing: 8888","timestamp":"2025-02-28T04:37:42.442Z"}
{"level":"warn","message":"env: dcommerce_express_dev","timestamp":"2025-02-28T04:37:42.444Z"}
{"level":"info","message":"client_db Connection established","timestamp":"2025-02-28T04:37:43.625Z"}
{"level":"info","message":"Database client is synchronized","timestamp":"2025-02-28T04:37:55.912Z"}
{"level":"info","message":"Hello, Winston!","timestamp":"2025-02-28T04:38:38.535Z"}
{"level":"warn","message":"This is a warning message.","timestamp":"2025-02-28T04:38:38.537Z"}
{"level":"error","message":"This is an error message.","timestamp":"2025-02-28T04:38:38.538Z"}
{"level":"info","message":"This is an information message.","timestamp":"2025-02-28T04:38:38.538Z"}
{"ip":"192.168.1.1","level":"info","message":"User logged in","timestamp":"2025-02-28T04:38:38.539Z","username":"johndoe"}
{"level":"info","message":"DC Epress is up","timestamp":"2025-02-28T04:38:39.074Z"}
{"level":"info","message":"app is runing: 8888","timestamp":"2025-02-28T04:38:39.075Z"}
{"level":"warn","message":"env: dcommerce_express_dev","timestamp":"2025-02-28T04:38:39.076Z"}
{"level":"info","message":"client_db Connection established","timestamp":"2025-02-28T04:38:40.286Z"}
{"level":"info","message":"Database client is synchronized","timestamp":"2025-02-28T04:38:52.312Z"}
{"level":"info","message":"Hello, Winston!","timestamp":"2025-02-28T04:49:39.412Z"}
{"level":"warn","message":"This is a warning message.","timestamp":"2025-02-28T04:49:39.415Z"}
{"level":"error","message":"This is an error message.","timestamp":"2025-02-28T04:49:39.416Z"}
{"level":"info","message":"This is an information message.","timestamp":"2025-02-28T04:49:39.416Z"}
{"ip":"192.168.1.1","level":"info","message":"User logged in","timestamp":"2025-02-28T04:49:39.417Z","username":"johndoe"}
{"level":"info","message":"DC Epress is up","timestamp":"2025-02-28T04:49:40.003Z"}
{"level":"info","message":"app is runing: 8888","timestamp":"2025-02-28T04:49:40.004Z"}
{"level":"warn","message":"env: dcommerce_express_dev","timestamp":"2025-02-28T04:49:40.004Z"}
{"level":"error","message":"client_db Connection error: (conn:16568, no: 45012, SQLState: 08S01) Connection timeout: failed to create socket after 1000ms","name":"SequelizeConnectionError","original":{"code":"ER_CONNECTION_TIMEOUT","errno":45012,"fatal":true,"name":"SqlError","sql":null,"sqlMessage":"Connection timeout: failed to create socket after 1000ms","sqlState":"08S01"},"parent":{"code":"ER_CONNECTION_TIMEOUT","errno":45012,"fatal":true,"name":"SqlError","sql":null,"sqlMessage":"Connection timeout: failed to create socket after 1000ms","sqlState":"08S01"},"stack":"SequelizeConnectionError: (conn:16568, no: 45012, SQLState: 08S01) Connection timeout: failed to create socket after 1000ms\n    at ConnectionManager.connect (/Users/soubinkittiphanh/Desktop/Pro/dc_express_api/node_modules/sequelize/lib/dialects/mariadb/connection-manager.js:100:17)\n    at processTicksAndRejections (node:internal/process/task_queues:96:5)\n    at async ConnectionManager._connect (/Users/soubinkittiphanh/Desktop/Pro/dc_express_api/node_modules/sequelize/lib/dialects/abstract/connection-manager.js:222:24)\n    at async /Users/soubinkittiphanh/Desktop/Pro/dc_express_api/node_modules/sequelize/lib/dialects/abstract/connection-manager.js:174:32","timestamp":"2025-02-28T04:49:41.000Z"}
{"level":"info","message":"Hello, Winston!","timestamp":"2025-02-28T04:49:42.852Z"}
{"level":"warn","message":"This is a warning message.","timestamp":"2025-02-28T04:49:42.854Z"}
{"level":"error","message":"This is an error message.","timestamp":"2025-02-28T04:49:42.855Z"}
{"level":"info","message":"This is an information message.","timestamp":"2025-02-28T04:49:42.855Z"}
{"ip":"192.168.1.1","level":"info","message":"User logged in","timestamp":"2025-02-28T04:49:42.856Z","username":"johndoe"}
{"level":"info","message":"DC Epress is up","timestamp":"2025-02-28T04:49:43.258Z"}
{"level":"info","message":"app is runing: 8888","timestamp":"2025-02-28T04:49:43.259Z"}
{"level":"warn","message":"env: dcommerce_express_dev","timestamp":"2025-02-28T04:49:43.261Z"}
{"level":"info","message":"client_db Connection established","timestamp":"2025-02-28T04:49:44.300Z"}
{"level":"info","message":"Database client is synchronized","timestamp":"2025-02-28T04:49:57.943Z"}
{"level":"info","message":"Hello, Winston!","timestamp":"2025-02-28T05:31:30.245Z"}
{"level":"warn","message":"This is a warning message.","timestamp":"2025-02-28T05:31:30.247Z"}
{"level":"error","message":"This is an error message.","timestamp":"2025-02-28T05:31:30.248Z"}
{"level":"info","message":"This is an information message.","timestamp":"2025-02-28T05:31:30.248Z"}
{"ip":"192.168.1.1","level":"info","message":"User logged in","timestamp":"2025-02-28T05:31:30.249Z","username":"johndoe"}
{"level":"info","message":"DC Epress is up","timestamp":"2025-02-28T05:31:30.847Z"}
{"level":"info","message":"app is runing: 8888","timestamp":"2025-02-28T05:31:30.848Z"}
{"level":"warn","message":"env: dcommerce_express_dev","timestamp":"2025-02-28T05:31:30.848Z"}
{"level":"info","message":"client_db Connection established","timestamp":"2025-02-28T05:31:31.033Z"}
{"level":"info","message":"Database client is synchronized","timestamp":"2025-02-28T05:31:33.432Z"}
{"level":"info","message":"JSON DATA {\"recipientTel\":\"778899434\",\"recipientTelName\":\"Ahei\",\"recipientAddress\":\"address of receipient\",\"riderFee\":20000.0,\"status\":\"OPEN\",\"productCategory\":\"FOOD\",\"isActive\":true,\"merchantId\":1}","timestamp":"2025-02-28T06:37:16.799Z"}
{"level":"info","message":"FILE DATA ","timestamp":"2025-02-28T06:37:16.808Z"}
{"level":"warn","message":"ORDER PRICE DET 49 orderId 23","timestamp":"2025-02-28T06:42:42.080Z"}
{"level":"warn","message":"RESPONSE []","timestamp":"2025-02-28T06:42:42.194Z"}
{"level":"warn","message":"ORDER PRICE DET 49 orderId 23","timestamp":"2025-02-28T06:42:42.435Z"}
{"level":"info","message":"Order status has been update successfully {\"id\":23,\"recipientTel\":\"778899434\",\"recipientTelName\":\"Ahei\",\"recipientAddress\":\"address of receipient\",\"riderFee\":20000,\"status\":\"ACCEPT\",\"productCategory\":\"FOOD\",\"isActive\":true,\"createdAt\":\"2025-02-28T06:37:16.000Z\",\"updateTimestamp\":\"2025-02-28T06:42:42.000Z\",\"riderId\":null,\"merchantId\":1}","timestamp":"2025-02-28T06:42:42.527Z"}
{"level":"info","message":"Order service response code 200 update count undefined update 1","timestamp":"2025-02-28T06:42:42.527Z"}
{"level":"warn","message":"Transaction response 200","timestamp":"2025-02-28T06:42:42.544Z"}
{"level":"error","message":"Error updating order price: read ETIMEDOUT","name":"SequelizeDatabaseError","original":{"code":"ETIMEDOUT","errno":-60,"fatal":true,"sql":"SELECT `id`, `price`, `priceStatus`, `isActive`, `createdAt`, `updateTimestamp`, `riderId`, `merchantId`, `orderId` FROM `orderPrice` AS `orderPrice` WHERE `orderPrice`.`orderId` = 23 AND `orderPrice`.`priceStatus` = 'ACCEPT';","sqlState":"HY000","syscall":"read"},"parameters":{},"parent":{"code":"ETIMEDOUT","errno":-60,"fatal":true,"sql":"SELECT `id`, `price`, `priceStatus`, `isActive`, `createdAt`, `updateTimestamp`, `riderId`, `merchantId`, `orderId` FROM `orderPrice` AS `orderPrice` WHERE `orderPrice`.`orderId` = 23 AND `orderPrice`.`priceStatus` = 'ACCEPT';","sqlState":"HY000","syscall":"read"},"sql":"SELECT `id`, `price`, `priceStatus`, `isActive`, `createdAt`, `updateTimestamp`, `riderId`, `merchantId`, `orderId` FROM `orderPrice` AS `orderPrice` WHERE `orderPrice`.`orderId` = 23 AND `orderPrice`.`priceStatus` = 'ACCEPT';","stack":"Error\n    at Query.run (/Users/soubinkittiphanh/Desktop/Pro/dc_express_api/node_modules/sequelize/lib/dialects/mariadb/query.js:53:25)\n    at /Users/soubinkittiphanh/Desktop/Pro/dc_express_api/node_modules/sequelize/lib/sequelize.js:315:28\n    at processTicksAndRejections (node:internal/process/task_queues:96:5)\n    at async MySQLQueryInterface.select (/Users/soubinkittiphanh/Desktop/Pro/dc_express_api/node_modules/sequelize/lib/dialects/abstract/query-interface.js:407:12)\n    at async Function.findAll (/Users/soubinkittiphanh/Desktop/Pro/dc_express_api/node_modules/sequelize/lib/model.js:1140:21)\n    at async acceptOrderPrice (/Users/soubinkittiphanh/Desktop/Pro/dc_express_api/src/model/ordersPricing/controller.js:22:28)","timestamp":"2025-02-28T06:43:00.560Z"}
{"level":"info","message":"Hello, Winston!","timestamp":"2025-03-02T02:56:46.249Z"}
{"level":"warn","message":"This is a warning message.","timestamp":"2025-03-02T02:56:46.251Z"}
{"level":"error","message":"This is an error message.","timestamp":"2025-03-02T02:56:46.252Z"}
{"level":"info","message":"This is an information message.","timestamp":"2025-03-02T02:56:46.252Z"}
{"ip":"192.168.1.1","level":"info","message":"User logged in","timestamp":"2025-03-02T02:56:46.253Z","username":"johndoe"}
{"level":"info","message":"DC Epress is up","timestamp":"2025-03-02T02:56:46.833Z"}
{"level":"info","message":"app is runing: 8888","timestamp":"2025-03-02T02:56:46.834Z"}
{"level":"warn","message":"env: dcommerce_express_dev","timestamp":"2025-03-02T02:56:46.834Z"}
{"level":"error","message":"client_db Connection error: (conn:-1, no: 45012, SQLState: 08S01) Connection timeout: failed to create socket after 1003ms","name":"SequelizeConnectionError","original":{"code":"ER_CONNECTION_TIMEOUT","errno":45012,"fatal":true,"name":"SqlError","sql":null,"sqlMessage":"Connection timeout: failed to create socket after 1003ms","sqlState":"08S01"},"parent":{"code":"ER_CONNECTION_TIMEOUT","errno":45012,"fatal":true,"name":"SqlError","sql":null,"sqlMessage":"Connection timeout: failed to create socket after 1003ms","sqlState":"08S01"},"stack":"SequelizeConnectionError: (conn:-1, no: 45012, SQLState: 08S01) Connection timeout: failed to create socket after 1003ms\n    at ConnectionManager.connect (/Users/soubinkittiphanh/Desktop/Pro/dc_express_api/node_modules/sequelize/lib/dialects/mariadb/connection-manager.js:100:17)\n    at processTicksAndRejections (node:internal/process/task_queues:96:5)\n    at async ConnectionManager._connect (/Users/soubinkittiphanh/Desktop/Pro/dc_express_api/node_modules/sequelize/lib/dialects/abstract/connection-manager.js:222:24)\n    at async /Users/soubinkittiphanh/Desktop/Pro/dc_express_api/node_modules/sequelize/lib/dialects/abstract/connection-manager.js:174:32","timestamp":"2025-03-02T02:56:47.833Z"}
{"level":"info","message":"Hello, Winston!","timestamp":"2025-03-02T02:57:23.397Z"}
{"level":"warn","message":"This is a warning message.","timestamp":"2025-03-02T02:57:23.400Z"}
{"level":"error","message":"This is an error message.","timestamp":"2025-03-02T02:57:23.401Z"}
{"level":"info","message":"This is an information message.","timestamp":"2025-03-02T02:57:23.401Z"}
{"ip":"192.168.1.1","level":"info","message":"User logged in","timestamp":"2025-03-02T02:57:23.401Z","username":"johndoe"}
{"level":"info","message":"DC Epress is up","timestamp":"2025-03-02T02:57:23.990Z"}
{"level":"info","message":"app is runing: 8888","timestamp":"2025-03-02T02:57:23.991Z"}
{"level":"warn","message":"env: dcommerce_express_dev","timestamp":"2025-03-02T02:57:23.991Z"}
{"level":"info","message":"client_db Connection established","timestamp":"2025-03-02T02:57:24.948Z"}
{"level":"info","message":"Database client is synchronized","timestamp":"2025-03-02T02:57:33.614Z"}
{"level":"info","message":"Hello, Winston!","timestamp":"2025-03-02T04:04:58.859Z"}
{"level":"warn","message":"This is a warning message.","timestamp":"2025-03-02T04:04:58.861Z"}
{"level":"error","message":"This is an error message.","timestamp":"2025-03-02T04:04:58.862Z"}
{"level":"info","message":"This is an information message.","timestamp":"2025-03-02T04:04:58.862Z"}
{"ip":"192.168.1.1","level":"info","message":"User logged in","timestamp":"2025-03-02T04:04:58.863Z","username":"johndoe"}
{"level":"info","message":"DC Epress is up","timestamp":"2025-03-02T04:04:59.229Z"}
{"level":"info","message":"app is runing: 8888","timestamp":"2025-03-02T04:04:59.230Z"}
{"level":"warn","message":"env: dcommerce_express_dev","timestamp":"2025-03-02T04:04:59.231Z"}
{"level":"info","message":"client_db Connection established","timestamp":"2025-03-02T04:05:00.165Z"}
{"level":"info","message":"Database client is synchronized","timestamp":"2025-03-02T04:05:10.904Z"}
{"level":"info","message":"Hello, Winston!","timestamp":"2025-03-02T04:26:12.077Z"}
{"level":"warn","message":"This is a warning message.","timestamp":"2025-03-02T04:26:12.079Z"}
{"level":"error","message":"This is an error message.","timestamp":"2025-03-02T04:26:12.080Z"}
{"level":"info","message":"This is an information message.","timestamp":"2025-03-02T04:26:12.080Z"}
{"ip":"192.168.1.1","level":"info","message":"User logged in","timestamp":"2025-03-02T04:26:12.080Z","username":"johndoe"}
{"level":"info","message":"DC Epress is up","timestamp":"2025-03-02T04:26:12.657Z"}
{"level":"info","message":"app is runing: 8888","timestamp":"2025-03-02T04:26:12.657Z"}
{"level":"warn","message":"env: dcommerce_express_dev","timestamp":"2025-03-02T04:26:12.658Z"}
{"level":"info","message":"client_db Connection established","timestamp":"2025-03-02T04:26:13.919Z"}
{"level":"info","message":"Database client is synchronized","timestamp":"2025-03-02T04:26:27.763Z"}
{"level":"info","message":"Hello, Winston!","timestamp":"2025-03-02T04:41:02.519Z"}
{"level":"warn","message":"This is a warning message.","timestamp":"2025-03-02T04:41:02.521Z"}
{"level":"error","message":"This is an error message.","timestamp":"2025-03-02T04:41:02.522Z"}
{"level":"info","message":"This is an information message.","timestamp":"2025-03-02T04:41:02.522Z"}
{"ip":"192.168.1.1","level":"info","message":"User logged in","timestamp":"2025-03-02T04:41:02.522Z","username":"johndoe"}
{"level":"info","message":"DC Epress is up","timestamp":"2025-03-02T04:41:03.042Z"}
{"level":"info","message":"app is runing: 8888","timestamp":"2025-03-02T04:41:03.043Z"}
{"level":"warn","message":"env: dcommerce_express_dev","timestamp":"2025-03-02T04:41:03.044Z"}
{"level":"info","message":"client_db Connection established","timestamp":"2025-03-02T04:41:04.169Z"}
{"level":"info","message":"Database client is synchronized","timestamp":"2025-03-02T04:41:18.804Z"}
{"level":"info","message":"Hello, Winston!","timestamp":"2025-03-03T12:31:17.548Z"}
{"level":"warn","message":"This is a warning message.","timestamp":"2025-03-03T12:31:17.550Z"}
{"level":"error","message":"This is an error message.","timestamp":"2025-03-03T12:31:17.551Z"}
{"level":"info","message":"This is an information message.","timestamp":"2025-03-03T12:31:17.551Z"}
{"ip":"192.168.1.1","level":"info","message":"User logged in","timestamp":"2025-03-03T12:31:17.552Z","username":"johndoe"}
{"level":"info","message":"DC Epress is up","timestamp":"2025-03-03T12:31:18.235Z"}
{"level":"info","message":"app is runing: 8888","timestamp":"2025-03-03T12:31:18.236Z"}
{"level":"warn","message":"env: dcommerce_express_dev","timestamp":"2025-03-03T12:31:18.238Z"}
{"level":"info","message":"client_db Connection established","timestamp":"2025-03-03T12:31:18.685Z"}
{"level":"info","message":"Database client is synchronized","timestamp":"2025-03-03T12:31:21.248Z"}
{"level":"info","message":"JSON DATA {\"recipientTel\":null,\"recipientTelName\":null,\"recipientAddress\":null,\"riderFee\":20000.0,\"status\":\"OPEN\",\"productCategory\":\"FOOD\",\"isActive\":true,\"merchantId\":1}","timestamp":"2025-03-03T12:45:27.902Z"}
{"level":"info","message":"FILE DATA ","timestamp":"2025-03-03T12:45:27.909Z"}
{"level":"info","message":"Received file type: image/jpeg","timestamp":"2025-03-03T13:03:49.053Z"}
{"level":"info","message":"Received file type: image/jpeg","timestamp":"2025-03-03T13:03:49.057Z"}
{"level":"info","message":"JSON DATA {\"recipientTel\":\"77150008\",\"recipientTelName\":\"tui\",\"recipientAddress\":\"address\",\"riderFee\":50000.0,\"status\":\"OPEN\",\"productCategory\":\"FOOD\",\"isActive\":true,\"merchantId\":1}","timestamp":"2025-03-03T13:03:49.066Z"}
{"level":"info","message":"FILE DATA [object Object],[object Object]","timestamp":"2025-03-03T13:03:49.067Z"}
{"level":"info","message":"Received file type: image/jpeg","timestamp":"2025-03-03T13:04:21.105Z"}
{"level":"info","message":"Received file type: image/jpeg","timestamp":"2025-03-03T13:04:21.108Z"}
{"level":"info","message":"JSON DATA {\"recipientTel\":\"77150008\",\"recipientTelName\":\"tui\",\"recipientAddress\":\"address\",\"riderFee\":50000.0,\"status\":\"OPEN\",\"productCategory\":\"FOOD\",\"isActive\":true,\"merchantId\":1}","timestamp":"2025-03-03T13:04:21.115Z"}
{"level":"info","message":"FILE DATA [object Object],[object Object]","timestamp":"2025-03-03T13:04:21.116Z"}
{"level":"info","message":"Received file type: image/jpeg","timestamp":"2025-03-03T13:04:47.150Z"}
{"level":"info","message":"Received file type: image/jpeg","timestamp":"2025-03-03T13:04:47.152Z"}
{"level":"info","message":"JSON DATA {\"recipientTel\":\"77150008\",\"recipientTelName\":\"tui\",\"recipientAddress\":\"address\",\"riderFee\":50000.0,\"status\":\"OPEN\",\"productCategory\":\"FOOD\",\"isActive\":true,\"merchantId\":1}","timestamp":"2025-03-03T13:04:47.155Z"}
{"level":"info","message":"FILE DATA [object Object],[object Object]","timestamp":"2025-03-03T13:04:47.156Z"}
{"level":"info","message":"Hello, Winston!","timestamp":"2025-03-03T13:21:52.998Z"}
{"level":"warn","message":"This is a warning message.","timestamp":"2025-03-03T13:21:53.000Z"}
{"level":"error","message":"This is an error message.","timestamp":"2025-03-03T13:21:53.000Z"}
{"level":"info","message":"This is an information message.","timestamp":"2025-03-03T13:21:53.001Z"}
{"ip":"192.168.1.1","level":"info","message":"User logged in","timestamp":"2025-03-03T13:21:53.001Z","username":"johndoe"}
{"level":"info","message":"DC Epress is up","timestamp":"2025-03-03T13:21:53.620Z"}
{"level":"info","message":"app is runing: 8888","timestamp":"2025-03-03T13:21:53.621Z"}
{"level":"warn","message":"env: dcommerce_express_dev","timestamp":"2025-03-03T13:21:53.622Z"}
{"level":"info","message":"client_db Connection established","timestamp":"2025-03-03T13:21:53.815Z"}
{"level":"info","message":"Database client is synchronized","timestamp":"2025-03-03T13:21:58.795Z"}
{"level":"info","message":"JSON DATA {\"recipientTel\":\"778899434\",\"recipientTelName\":\"add\",\"recipientAddress\":\"location\",\"riderFee\":20000.0,\"status\":\"OPEN\",\"productCategory\":\"FOOD\",\"isActive\":true,\"merchantId\":1,\"orderAddress\":\"Thanon Bomisu, Vientiane, Laos\",\"orderLongitude\":\"102.6331\",\"orderLutitude\":\"17.9757\"}","timestamp":"2025-03-03T13:31:45.484Z"}
{"level":"info","message":"FILE DATA ","timestamp":"2025-03-03T13:31:45.539Z"}
{"level":"info","message":"Received file type: image/jpeg","timestamp":"2025-03-03T13:34:34.155Z"}
{"level":"info","message":"JSON DATA {\"recipientTel\":\"778899434\",\"recipientTelName\":\"add\",\"recipientAddress\":\"location\",\"riderFee\":50000.0,\"status\":\"OPEN\",\"productCategory\":\"DOCUMENT\",\"isActive\":true,\"merchantId\":1,\"orderAddress\":\"XJJM+XHQ, Vientiane, Laos\",\"orderLongitude\":\"102.63397358357906\",\"orderLutitude\":\"17.982524835043954\"}","timestamp":"2025-03-03T13:34:34.176Z"}
{"level":"info","message":"FILE DATA [object Object]","timestamp":"2025-03-03T13:34:34.178Z"}
{"level":"info","message":"Received file type: image/jpeg","timestamp":"2025-03-03T13:35:24.039Z"}
{"level":"info","message":"JSON DATA {\"recipientTel\":\"778899434\",\"recipientTelName\":\"add\",\"recipientAddress\":\"location\",\"riderFee\":50000.0,\"status\":\"OPEN\",\"productCategory\":\"DOCUMENT\",\"isActive\":true,\"merchantId\":1,\"orderAddress\":\"Thanon Bomisu, Vientiane, Laos\",\"orderLongitude\":\"102.6331\",\"orderLutitude\":\"17.9757\"}","timestamp":"2025-03-03T13:35:24.044Z"}
{"level":"info","message":"FILE DATA [object Object]","timestamp":"2025-03-03T13:35:24.045Z"}
{"level":"info","message":"Hello, Winston!","timestamp":"2025-03-11T02:00:19.605Z"}
{"level":"warn","message":"This is a warning message.","timestamp":"2025-03-11T02:00:19.607Z"}
{"level":"error","message":"This is an error message.","timestamp":"2025-03-11T02:00:19.608Z"}
{"level":"info","message":"This is an information message.","timestamp":"2025-03-11T02:00:19.608Z"}
{"ip":"192.168.1.1","level":"info","message":"User logged in","timestamp":"2025-03-11T02:00:19.608Z","username":"johndoe"}
{"level":"info","message":"DC Epress is up","timestamp":"2025-03-11T02:00:20.150Z"}
{"level":"info","message":"app is runing: 8888","timestamp":"2025-03-11T02:00:20.151Z"}
{"level":"warn","message":"env: dcommerce_express_dev","timestamp":"2025-03-11T02:00:20.152Z"}
{"level":"info","message":"client_db Connection established","timestamp":"2025-03-11T02:00:20.601Z"}
{"level":"info","message":"Database client is synchronized","timestamp":"2025-03-11T02:00:24.324Z"}
{"level":"info","message":"Hello, Winston!","timestamp":"2025-03-11T03:13:59.502Z"}
{"level":"warn","message":"This is a warning message.","timestamp":"2025-03-11T03:13:59.505Z"}
{"level":"error","message":"This is an error message.","timestamp":"2025-03-11T03:13:59.505Z"}
{"level":"info","message":"This is an information message.","timestamp":"2025-03-11T03:13:59.506Z"}
{"ip":"192.168.1.1","level":"info","message":"User logged in","timestamp":"2025-03-11T03:13:59.506Z","username":"johndoe"}
{"level":"info","message":"DC Epress is up","timestamp":"2025-03-11T03:14:00.088Z"}
{"level":"info","message":"app is runing: 8888","timestamp":"2025-03-11T03:14:00.089Z"}
{"level":"warn","message":"env: dcommerce_express_dev","timestamp":"2025-03-11T03:14:00.090Z"}
{"level":"info","message":"client_db Connection established","timestamp":"2025-03-11T03:14:00.279Z"}
{"level":"info","message":"Hello, Winston!","timestamp":"2025-03-11T03:14:05.638Z"}
{"level":"warn","message":"This is a warning message.","timestamp":"2025-03-11T03:14:05.640Z"}
{"level":"error","message":"This is an error message.","timestamp":"2025-03-11T03:14:05.641Z"}
{"level":"info","message":"This is an information message.","timestamp":"2025-03-11T03:14:05.641Z"}
{"ip":"192.168.1.1","level":"info","message":"User logged in","timestamp":"2025-03-11T03:14:05.642Z","username":"johndoe"}
{"level":"info","message":"DC Epress is up","timestamp":"2025-03-11T03:14:06.116Z"}
{"level":"info","message":"app is runing: 8888","timestamp":"2025-03-11T03:14:06.117Z"}
{"level":"warn","message":"env: dcommerce_express_dev","timestamp":"2025-03-11T03:14:06.117Z"}
{"level":"info","message":"client_db Connection established","timestamp":"2025-03-11T03:14:06.307Z"}
{"level":"info","message":"Hello, Winston!","timestamp":"2025-03-11T03:15:32.799Z"}
{"level":"warn","message":"This is a warning message.","timestamp":"2025-03-11T03:15:32.801Z"}
{"level":"error","message":"This is an error message.","timestamp":"2025-03-11T03:15:32.802Z"}
{"level":"info","message":"This is an information message.","timestamp":"2025-03-11T03:15:32.802Z"}
{"ip":"192.168.1.1","level":"info","message":"User logged in","timestamp":"2025-03-11T03:15:32.803Z","username":"johndoe"}
{"level":"info","message":"DC Epress is up","timestamp":"2025-03-11T03:15:33.281Z"}
{"level":"info","message":"app is runing: 8888","timestamp":"2025-03-11T03:15:33.282Z"}
{"level":"warn","message":"env: dcommerce_express_dev","timestamp":"2025-03-11T03:15:33.283Z"}
{"level":"info","message":"client_db Connection established","timestamp":"2025-03-11T03:15:33.480Z"}
{"level":"info","message":"Database client is synchronized","timestamp":"2025-03-11T03:15:35.949Z"}
{"level":"info","message":"Hello, Winston!","timestamp":"2025-03-11T06:48:23.388Z"}
{"level":"warn","message":"This is a warning message.","timestamp":"2025-03-11T06:48:23.390Z"}
{"level":"error","message":"This is an error message.","timestamp":"2025-03-11T06:48:23.391Z"}
{"level":"info","message":"This is an information message.","timestamp":"2025-03-11T06:48:23.391Z"}
{"ip":"192.168.1.1","level":"info","message":"User logged in","timestamp":"2025-03-11T06:48:23.391Z","username":"johndoe"}
{"level":"info","message":"DC Epress is up","timestamp":"2025-03-11T06:48:23.935Z"}
{"level":"info","message":"app is runing: 8888","timestamp":"2025-03-11T06:48:23.936Z"}
{"level":"warn","message":"env: dcommerce_express_dev","timestamp":"2025-03-11T06:48:23.936Z"}
{"level":"info","message":"client_db Connection established","timestamp":"2025-03-11T06:48:24.125Z"}
{"level":"info","message":"Database client is synchronized","timestamp":"2025-03-11T06:48:26.661Z"}
{"level":"info","message":"Hello, Winston!","timestamp":"2025-03-15T04:46:44.861Z"}
{"level":"warn","message":"This is a warning message.","timestamp":"2025-03-15T04:46:44.863Z"}
{"level":"error","message":"This is an error message.","timestamp":"2025-03-15T04:46:44.863Z"}
{"level":"info","message":"This is an information message.","timestamp":"2025-03-15T04:46:44.864Z"}
{"ip":"192.168.1.1","level":"info","message":"User logged in","timestamp":"2025-03-15T04:46:44.864Z","username":"johndoe"}
{"level":"info","message":"DC Epress is up","timestamp":"2025-03-15T04:46:45.594Z"}
{"level":"info","message":"app is runing: 8888","timestamp":"2025-03-15T04:46:45.595Z"}
{"level":"warn","message":"env: dcommerce_express_dev","timestamp":"2025-03-15T04:46:45.596Z"}
{"level":"info","message":"client_db Connection established","timestamp":"2025-03-15T04:46:46.379Z"}
{"level":"info","message":"Hello, Winston!","timestamp":"2025-03-15T06:07:33.109Z"}
{"level":"warn","message":"This is a warning message.","timestamp":"2025-03-15T06:07:33.111Z"}
{"level":"error","message":"This is an error message.","timestamp":"2025-03-15T06:07:33.111Z"}
{"level":"info","message":"This is an information message.","timestamp":"2025-03-15T06:07:33.112Z"}
{"ip":"192.168.1.1","level":"info","message":"User logged in","timestamp":"2025-03-15T06:07:33.112Z","username":"johndoe"}
{"level":"info","message":"DC Epress is up","timestamp":"2025-03-15T06:07:33.640Z"}
{"level":"info","message":"app is runing: 8888","timestamp":"2025-03-15T06:07:33.641Z"}
{"level":"warn","message":"env: dcommerce_express_dev","timestamp":"2025-03-15T06:07:33.642Z"}
{"level":"error","message":"client_db Connection error: (conn:5007, no: 45012, SQLState: 08S01) Connection timeout: failed to create socket after 1001ms","name":"SequelizeConnectionError","original":{"code":"ER_CONNECTION_TIMEOUT","errno":45012,"fatal":true,"name":"SqlError","sql":null,"sqlMessage":"Connection timeout: failed to create socket after 1001ms","sqlState":"08S01"},"parent":{"code":"ER_CONNECTION_TIMEOUT","errno":45012,"fatal":true,"name":"SqlError","sql":null,"sqlMessage":"Connection timeout: failed to create socket after 1001ms","sqlState":"08S01"},"stack":"SequelizeConnectionError: (conn:5007, no: 45012, SQLState: 08S01) Connection timeout: failed to create socket after 1001ms\n    at ConnectionManager.connect (/Users/soubinkittiphanh/Desktop/Pro/dc_express_api/node_modules/sequelize/lib/dialects/mariadb/connection-manager.js:100:17)\n    at processTicksAndRejections (node:internal/process/task_queues:96:5)\n    at async ConnectionManager._connect (/Users/soubinkittiphanh/Desktop/Pro/dc_express_api/node_modules/sequelize/lib/dialects/abstract/connection-manager.js:222:24)\n    at async /Users/soubinkittiphanh/Desktop/Pro/dc_express_api/node_modules/sequelize/lib/dialects/abstract/connection-manager.js:174:32","timestamp":"2025-03-15T06:07:34.638Z"}
{"level":"info","message":"Hello, Winston!","timestamp":"2025-03-15T06:07:39.280Z"}
{"level":"warn","message":"This is a warning message.","timestamp":"2025-03-15T06:07:39.282Z"}
{"level":"error","message":"This is an error message.","timestamp":"2025-03-15T06:07:39.283Z"}
{"level":"info","message":"This is an information message.","timestamp":"2025-03-15T06:07:39.283Z"}
{"ip":"192.168.1.1","level":"info","message":"User logged in","timestamp":"2025-03-15T06:07:39.284Z","username":"johndoe"}
{"level":"info","message":"DC Epress is up","timestamp":"2025-03-15T06:07:40.354Z"}
{"level":"info","message":"app is runing: 8888","timestamp":"2025-03-15T06:07:40.358Z"}
{"level":"warn","message":"env: dcommerce_express_dev","timestamp":"2025-03-15T06:07:40.360Z"}
{"level":"info","message":"client_db Connection established","timestamp":"2025-03-15T06:07:40.581Z"}
{"level":"info","message":"Hello, Winston!","timestamp":"2025-03-15T06:08:45.165Z"}
{"level":"warn","message":"This is a warning message.","timestamp":"2025-03-15T06:08:45.167Z"}
{"level":"error","message":"This is an error message.","timestamp":"2025-03-15T06:08:45.168Z"}
{"level":"info","message":"This is an information message.","timestamp":"2025-03-15T06:08:45.168Z"}
{"ip":"192.168.1.1","level":"info","message":"User logged in","timestamp":"2025-03-15T06:08:45.169Z","username":"johndoe"}
{"level":"info","message":"DC Epress is up","timestamp":"2025-03-15T06:08:45.662Z"}
{"level":"info","message":"app is runing: 8888","timestamp":"2025-03-15T06:08:45.663Z"}
{"level":"warn","message":"env: dcommerce_express_dev","timestamp":"2025-03-15T06:08:45.664Z"}
{"level":"info","message":"client_db Connection established","timestamp":"2025-03-15T06:08:45.871Z"}
{"level":"info","message":"Database client is synchronized","timestamp":"2025-03-15T06:08:48.783Z"}
{"level":"info","message":"Hello, Winston!","timestamp":"2025-03-15T06:10:07.479Z"}
{"level":"warn","message":"This is a warning message.","timestamp":"2025-03-15T06:10:07.481Z"}
{"level":"error","message":"This is an error message.","timestamp":"2025-03-15T06:10:07.482Z"}
{"level":"info","message":"This is an information message.","timestamp":"2025-03-15T06:10:07.482Z"}
{"ip":"192.168.1.1","level":"info","message":"User logged in","timestamp":"2025-03-15T06:10:07.483Z","username":"johndoe"}
{"level":"info","message":"DC Epress is up","timestamp":"2025-03-15T06:10:07.986Z"}
{"level":"info","message":"app is runing: 8888","timestamp":"2025-03-15T06:10:07.987Z"}
{"level":"warn","message":"env: dcommerce_express_dev","timestamp":"2025-03-15T06:10:07.988Z"}
{"level":"info","message":"client_db Connection established","timestamp":"2025-03-15T06:10:08.195Z"}
{"level":"info","message":"Database client is synchronized","timestamp":"2025-03-15T06:10:11.205Z"}
{"level":"info","message":"Hello, Winston!","timestamp":"2025-03-15T06:10:13.110Z"}
{"level":"warn","message":"This is a warning message.","timestamp":"2025-03-15T06:10:13.112Z"}
{"level":"error","message":"This is an error message.","timestamp":"2025-03-15T06:10:13.112Z"}
{"level":"info","message":"This is an information message.","timestamp":"2025-03-15T06:10:13.113Z"}
{"ip":"192.168.1.1","level":"info","message":"User logged in","timestamp":"2025-03-15T06:10:13.113Z","username":"johndoe"}
{"level":"info","message":"DC Epress is up","timestamp":"2025-03-15T06:10:13.479Z"}
{"level":"info","message":"app is runing: 8888","timestamp":"2025-03-15T06:10:13.480Z"}
{"level":"warn","message":"env: dcommerce_express_uat","timestamp":"2025-03-15T06:10:13.480Z"}
{"level":"error","message":"client_db Connection error: (conn:5023, no: 1049, SQLState: 42000) Unknown database 'dcommerce_express_uat'","name":"SequelizeConnectionError","original":{"code":"ER_BAD_DB_ERROR","errno":1049,"fatal":true,"name":"SqlError","sql":null,"sqlMessage":"Unknown database 'dcommerce_express_uat'","sqlState":"42000"},"parent":{"code":"ER_BAD_DB_ERROR","errno":1049,"fatal":true,"name":"SqlError","sql":null,"sqlMessage":"Unknown database 'dcommerce_express_uat'","sqlState":"42000"},"stack":"SequelizeConnectionError: (conn:5023, no: 1049, SQLState: 42000) Unknown database 'dcommerce_express_uat'\n    at ConnectionManager.connect (/Users/soubinkittiphanh/Desktop/Pro/dc_express_api/node_modules/sequelize/lib/dialects/mariadb/connection-manager.js:100:17)\n    at processTicksAndRejections (node:internal/process/task_queues:96:5)\n    at async ConnectionManager._connect (/Users/soubinkittiphanh/Desktop/Pro/dc_express_api/node_modules/sequelize/lib/dialects/abstract/connection-manager.js:222:24)\n    at async /Users/soubinkittiphanh/Desktop/Pro/dc_express_api/node_modules/sequelize/lib/dialects/abstract/connection-manager.js:174:32","timestamp":"2025-03-15T06:10:13.534Z"}
{"level":"info","message":"Hello, Winston!","timestamp":"2025-03-15T06:10:32.361Z"}
{"level":"warn","message":"This is a warning message.","timestamp":"2025-03-15T06:10:32.363Z"}
{"level":"error","message":"This is an error message.","timestamp":"2025-03-15T06:10:32.364Z"}
{"level":"info","message":"This is an information message.","timestamp":"2025-03-15T06:10:32.364Z"}
{"ip":"192.168.1.1","level":"info","message":"User logged in","timestamp":"2025-03-15T06:10:32.364Z","username":"johndoe"}
{"level":"info","message":"DC Epress is up","timestamp":"2025-03-15T06:10:32.723Z"}
{"level":"info","message":"app is runing: 8888","timestamp":"2025-03-15T06:10:32.724Z"}
{"level":"warn","message":"env: dcommerce_express_uat","timestamp":"2025-03-15T06:10:32.725Z"}
{"level":"info","message":"client_db Connection established","timestamp":"2025-03-15T06:10:33.420Z"}
{"level":"info","message":"Database client is synchronized","timestamp":"2025-03-15T06:10:35.237Z"}
{"level":"info","message":"Hello, Winston!","timestamp":"2025-03-15T06:21:59.821Z"}
{"level":"warn","message":"This is a warning message.","timestamp":"2025-03-15T06:21:59.824Z"}
{"level":"error","message":"This is an error message.","timestamp":"2025-03-15T06:21:59.825Z"}
{"level":"info","message":"This is an information message.","timestamp":"2025-03-15T06:21:59.825Z"}
{"ip":"192.168.1.1","level":"info","message":"User logged in","timestamp":"2025-03-15T06:21:59.826Z","username":"johndoe"}
{"level":"info","message":"DC Epress is up","timestamp":"2025-03-15T06:22:00.372Z"}
{"level":"info","message":"app is runing: 8888","timestamp":"2025-03-15T06:22:00.373Z"}
{"level":"warn","message":"env: dcommerce_express_uat","timestamp":"2025-03-15T06:22:00.373Z"}
{"level":"info","message":"client_db Connection established","timestamp":"2025-03-15T06:22:01.192Z"}
{"level":"info","message":"Database client is synchronized","timestamp":"2025-03-15T06:22:05.273Z"}
{"level":"info","message":"Hello, Winston!","timestamp":"2025-03-15T06:32:23.538Z"}
{"level":"warn","message":"This is a warning message.","timestamp":"2025-03-15T06:32:23.541Z"}
{"level":"error","message":"This is an error message.","timestamp":"2025-03-15T06:32:23.542Z"}
{"level":"info","message":"This is an information message.","timestamp":"2025-03-15T06:32:23.542Z"}
{"ip":"192.168.1.1","level":"info","message":"User logged in","timestamp":"2025-03-15T06:32:23.543Z","username":"johndoe"}
{"level":"info","message":"DC Epress is up","timestamp":"2025-03-15T06:32:24.088Z"}
{"level":"info","message":"app is runing: 8888","timestamp":"2025-03-15T06:32:24.090Z"}
{"level":"warn","message":"env: dcommerce_express_uat","timestamp":"2025-03-15T06:32:24.091Z"}
{"level":"info","message":"client_db Connection established","timestamp":"2025-03-15T06:32:24.294Z"}
{"level":"info","message":"Database client is synchronized","timestamp":"2025-03-15T06:32:26.808Z"}
{"level":"info","message":"Hello, Winston!","timestamp":"2025-03-15T06:56:36.533Z"}
{"level":"warn","message":"This is a warning message.","timestamp":"2025-03-15T06:56:36.536Z"}
{"level":"error","message":"This is an error message.","timestamp":"2025-03-15T06:56:36.536Z"}
{"level":"info","message":"This is an information message.","timestamp":"2025-03-15T06:56:36.537Z"}
{"ip":"192.168.1.1","level":"info","message":"User logged in","timestamp":"2025-03-15T06:56:36.537Z","username":"johndoe"}
{"level":"info","message":"DC Epress is up","timestamp":"2025-03-15T06:56:37.151Z"}
{"level":"info","message":"app is runing: 8888","timestamp":"2025-03-15T06:56:37.152Z"}
{"level":"warn","message":"env: dcommerce_express_uat","timestamp":"2025-03-15T06:56:37.153Z"}
{"level":"info","message":"client_db Connection established","timestamp":"2025-03-15T06:56:37.352Z"}
{"level":"info","message":"Database client is synchronized","timestamp":"2025-03-15T06:56:39.864Z"}
{"level":"info","message":"JSON DATA {\"recipientTel\":null,\"recipientTelName\":null,\"recipientAddress\":\"phone thun \",\"riderFee\":15000.0,\"status\":\"OPEN\",\"productCategory\":\"FOOD\",\"isActive\":true,\"merchantId\":1,\"orderAddress\":\"J NOK\",\"orderLongitude\":\"\",\"orderLutitude\":\"\"}","timestamp":"2025-03-15T07:15:39.352Z"}
{"level":"info","message":"FILE DATA ","timestamp":"2025-03-15T07:15:39.355Z"}
{"level":"info","message":"JSON DATA {\"recipientTel\":null,\"recipientTelName\":null,\"recipientAddress\":\"phone thun \",\"riderFee\":15000.0,\"status\":\"OPEN\",\"productCategory\":\"FOOD\",\"isActive\":true,\"merchantId\":1,\"orderAddress\":\"J NOK\",\"orderLongitude\":\"\",\"orderLutitude\":\"\"}","timestamp":"2025-03-15T07:16:44.469Z"}
{"level":"info","message":"FILE DATA ","timestamp":"2025-03-15T07:16:44.470Z"}
{"level":"info","message":"Hello, Winston!","timestamp":"2025-03-25T03:16:48.974Z"}
{"level":"warn","message":"This is a warning message.","timestamp":"2025-03-25T03:16:48.976Z"}
{"level":"error","message":"This is an error message.","timestamp":"2025-03-25T03:16:48.977Z"}
{"level":"info","message":"This is an information message.","timestamp":"2025-03-25T03:16:48.977Z"}
{"ip":"192.168.1.1","level":"info","message":"User logged in","timestamp":"2025-03-25T03:16:48.978Z","username":"johndoe"}
{"level":"info","message":"DC Epress is up","timestamp":"2025-03-25T03:16:49.600Z"}
{"level":"info","message":"app is runing: 8888","timestamp":"2025-03-25T03:16:49.601Z"}
{"level":"warn","message":"env: dcommerce_express_uat","timestamp":"2025-03-25T03:16:49.602Z"}
{"level":"info","message":"client_db Connection established","timestamp":"2025-03-25T03:16:50.673Z"}
{"level":"info","message":"Database client is synchronized","timestamp":"2025-03-25T03:17:03.967Z"}
{"level":"info","message":"Hello, Winston!","timestamp":"2025-03-25T03:18:04.794Z"}
{"level":"warn","message":"This is a warning message.","timestamp":"2025-03-25T03:18:04.796Z"}
{"level":"error","message":"This is an error message.","timestamp":"2025-03-25T03:18:04.797Z"}
{"level":"info","message":"This is an information message.","timestamp":"2025-03-25T03:18:04.797Z"}
{"ip":"192.168.1.1","level":"info","message":"User logged in","timestamp":"2025-03-25T03:18:04.797Z","username":"johndoe"}
{"level":"info","message":"DC Epress is up","timestamp":"2025-03-25T03:18:05.332Z"}
{"level":"info","message":"app is runing: 8888","timestamp":"2025-03-25T03:18:05.333Z"}
{"level":"warn","message":"env: dcommerce_express_dev","timestamp":"2025-03-25T03:18:05.334Z"}
{"level":"info","message":"client_db Connection established","timestamp":"2025-03-25T03:18:06.195Z"}
{"level":"info","message":"Database client is synchronized","timestamp":"2025-03-25T03:18:16.604Z"}
{"level":"info","message":"JSON DATA {\"recipientTel\":null,\"recipientTelName\":null,\"recipientAddress\":\"nongpaya\",\"riderFee\":20000.0,\"status\":\"OPEN\",\"productCategory\":\"FOOD\",\"isActive\":true,\"merchantId\":3,\"orderAddress\":null,\"orderLongitude\":\"\",\"orderLutitude\":\"\"}","timestamp":"2025-03-25T03:18:26.496Z"}
{"level":"info","message":"FILE DATA ","timestamp":"2025-03-25T03:18:26.502Z"}
{"level":"info","message":"JSON DATA {\"recipientTel\":null,\"recipientTelName\":null,\"recipientAddress\":\"Nongteng\",\"riderFee\":20000.0,\"status\":\"OPEN\",\"productCategory\":\"FOOD\",\"isActive\":true,\"merchantId\":3,\"orderAddress\":\"Thongpong\",\"orderLongitude\":\"\",\"orderLutitude\":\"\"}","timestamp":"2025-03-25T03:19:09.664Z"}
{"level":"info","message":"FILE DATA ","timestamp":"2025-03-25T03:19:09.667Z"}
{"level":"info","message":"JSON DATA {\"recipientTel\":null,\"recipientTelName\":null,\"recipientAddress\":\"Nongteng\",\"riderFee\":20000.0,\"status\":\"OPEN\",\"productCategory\":\"FOOD\",\"isActive\":true,\"merchantId\":3,\"orderAddress\":\"Thongpong\",\"orderLongitude\":\"\",\"orderLutitude\":\"\"}","timestamp":"2025-03-25T03:24:16.670Z"}
{"level":"info","message":"FILE DATA ","timestamp":"2025-03-25T03:24:16.672Z"}
{"level":"info","message":"JSON DATA {\"recipientTel\":null,\"recipientTelName\":null,\"recipientAddress\":\"Lak12\",\"riderFee\":20000.0,\"status\":\"OPEN\",\"productCategory\":\"FOOD\",\"isActive\":true,\"merchantId\":3,\"orderAddress\":\"Phonthong\",\"orderLongitude\":\"\",\"orderLutitude\":\"\"}","timestamp":"2025-03-25T03:52:25.310Z"}
{"level":"info","message":"FILE DATA ","timestamp":"2025-03-25T03:52:25.332Z"}
{"level":"info","message":"JSON DATA {\"recipientTel\":null,\"recipientTelName\":null,\"recipientAddress\":\"Lak122\",\"riderFee\":20000.0,\"status\":\"OPEN\",\"productCategory\":\"FOOD\",\"isActive\":true,\"merchantId\":3,\"orderAddress\":\"Phonthong\",\"orderLongitude\":\"\",\"orderLutitude\":\"\"}","timestamp":"2025-03-25T03:53:25.829Z"}
{"level":"info","message":"FILE DATA ","timestamp":"2025-03-25T03:53:25.830Z"}
{"level":"info","message":"Hello, Winston!","timestamp":"2025-03-25T03:55:48.978Z"}
{"level":"warn","message":"This is a warning message.","timestamp":"2025-03-25T03:55:48.981Z"}
{"level":"error","message":"This is an error message.","timestamp":"2025-03-25T03:55:48.982Z"}
{"level":"info","message":"This is an information message.","timestamp":"2025-03-25T03:55:48.982Z"}
{"ip":"192.168.1.1","level":"info","message":"User logged in","timestamp":"2025-03-25T03:55:48.982Z","username":"johndoe"}
{"level":"info","message":"DC Epress is up","timestamp":"2025-03-25T03:55:50.374Z"}
{"level":"info","message":"app is runing: 8888","timestamp":"2025-03-25T03:55:50.375Z"}
{"level":"warn","message":"env: dcommerce_express_dev","timestamp":"2025-03-25T03:55:50.376Z"}
{"level":"info","message":"client_db Connection established","timestamp":"2025-03-25T03:55:51.638Z"}
{"level":"info","message":"Database client is synchronized","timestamp":"2025-03-25T03:56:02.391Z"}
{"level":"info","message":"JSON DATA {\"recipientTel\":null,\"recipientTelName\":null,\"recipientAddress\":\"Lak122\",\"riderFee\":20000.0,\"status\":\"OPEN\",\"productCategory\":\"FOOD\",\"isActive\":true,\"merchantId\":3,\"orderAddress\":\"Ousou\",\"orderLongitude\":\"\",\"orderLutitude\":\"\"}","timestamp":"2025-03-25T03:56:05.440Z"}
{"level":"info","message":"FILE DATA ","timestamp":"2025-03-25T03:56:05.442Z"}
{"level":"info","message":"Hello, Winston!","timestamp":"2025-03-25T04:05:15.589Z"}
{"level":"warn","message":"This is a warning message.","timestamp":"2025-03-25T04:05:15.591Z"}
{"level":"error","message":"This is an error message.","timestamp":"2025-03-25T04:05:15.592Z"}
{"level":"info","message":"This is an information message.","timestamp":"2025-03-25T04:05:15.592Z"}
{"ip":"192.168.1.1","level":"info","message":"User logged in","timestamp":"2025-03-25T04:05:15.593Z","username":"johndoe"}
{"level":"info","message":"DC Epress is up","timestamp":"2025-03-25T04:05:16.169Z"}
{"level":"info","message":"app is runing: 8888","timestamp":"2025-03-25T04:05:16.170Z"}
{"level":"warn","message":"env: dcommerce_express_uat","timestamp":"2025-03-25T04:05:16.171Z"}
{"level":"info","message":"client_db Connection established","timestamp":"2025-03-25T04:05:16.890Z"}
{"level":"info","message":"Database client is synchronized","timestamp":"2025-03-25T04:05:27.779Z"}
